id,prompt,intents
1,"Hey, can you check travel time delays near Changi and check weather too.","['spatio_temporal', 'traffic_impact', 'meta_attributes']"
2,Show me roadwork impact around Jurong East for the evening peak?,"['spatio_temporal', 'traffic_impact']"
3,Double check recent breakdowns along the PIE and show a quick chart.,"['incident_detection', 'visualization']"
4,Help me understand recent breakdowns downtown CBD and show a quick chart.,"['incident_detection', 'visualization']"
5,Not sure but looks like if sensors are behaving weird near Changi in simple terms pls.,"['traffic_anomaly', 'spatio_temporal']"
6,Is there any update on roadwork impact in the northern sector and show a quick chart.,"['spatio_temporal', 'traffic_impact', 'visualization']"
7,Quick check: if there's an incident at expressway interchanges without the minor events.,['incident_detection']
8,Please pull up roadwork impact along the PIE and show a quick chart.,"['traffic_impact', 'visualization']"
9,Please pull up travel time delays at expressway interchanges for the last hour?,['traffic_impact']
10,Is there any update on the congestion trend around Jurong East but don't forecast anything yet.,"['spatio_temporal', 'traffic_impact']"
11,Do we know the congestion trend around Toa Payoh since morning?,"['spatio_temporal', 'traffic_impact']"
12,Not sure but looks like travel time delays and show a quick chart.,"['traffic_impact', 'visualization']"
13,"Hey, can you check if there's an incident near Changi no visualisation needed.","['incident_detection', 'spatio_temporal', 'visualization']"
14,Is there any update on the impact level downtown CBD and compare with yesterday.,['traffic_impact']
15,I'm seeing unusual readings near incident severity along the PIE,"['incident_detection', 'incident_classification', 'traffic_anomaly', 'spatio_temporal']"
16,"Hey, can you check forecast for the next hour in the northern sector without the minor events.","['traffic_forecasting', 'spatio_temporal']"
17,Need info on the volume spike at expressway interchanges since morning?,[]
18,Do we know any anomalies near Changi today?,"['traffic_anomaly', 'spatio_temporal']"
19,Show me the spatio-temporal pattern at AYE westbound and compare with yesterday.,['spatio_temporal']
20,Is there any update on travel time delays around Toa Payoh but don't forecast anything yet.,"['spatio_temporal', 'traffic_impact']"
21,"Hey, can you check today’s accidents near Sengkang and check weather too.","['incident_detection', 'spatio_temporal', 'meta_attributes']"
22,Any idea why post-incident recovery at AYE westbound,"['causal_analysis', 'incident_detection']"
23,Show me incident severity near CTE Braddell if possible.,"['incident_detection', 'incident_classification', 'spatio_temporal']"
24,Double check recent breakdowns around Punggol,"['incident_detection', 'spatio_temporal']"
25,I think something's off post-incident recovery around Marina Bay for the last hour?,"['incident_detection', 'spatio_temporal']"
26,"Hey, can you check roadwork impact at AYE westbound without the minor events.",['traffic_impact']
27,Someone reported whether weather is affecting traffic downtown CBD right now?,['meta_attributes']
28,Can you check recent breakdowns around Jurong East right now?,"['incident_detection', 'spatio_temporal']"
29,I think something's off the speed drop around Punggol for the last hour?,['spatio_temporal']
30,Looks like today’s accidents along the PIE for the evening peak?,['incident_detection']
31,I think something's off the congestion trend near Sengkang no visualisation needed.,"['spatio_temporal', 'traffic_impact', 'visualization']"
32,Quick check: the spatio-temporal pattern in the northern sector but don't forecast anything yet.,['spatio_temporal']
33,Any idea why any anomalies near Sengkang for the evening peak?,"['causal_analysis', 'traffic_anomaly', 'spatio_temporal']"
34,Any idea why travel time delays if possible.,"['causal_analysis', 'traffic_impact']"
35,Can you check roadwork impact around Marina Bay,"['spatio_temporal', 'traffic_impact']"
36,Looks like recent breakdowns downtown CBD without the minor events.,['incident_detection']
37,Help me understand the volume spike downtown CBD right now?,[]
38,I think something's off the speed drop around Woodlands checkpoint for the evening peak?,['spatio_temporal']
39,Looks like today’s accidents near KPE tunnels in simple terms pls.,"['incident_detection', 'spatio_temporal']"
40,Can we confirm accident clusters near CTE Braddell excluding heavy traffic alerts.,"['incident_detection', 'spatio_temporal']"
41,Do we know the impact level near KPE tunnels and check weather too.,"['spatio_temporal', 'traffic_impact', 'meta_attributes']"
42,Could you find out the congestion trend around Woodlands checkpoint for the last hour?,"['spatio_temporal', 'traffic_impact']"
43,Double check recent breakdowns around Marina Bay and compare with yesterday.,"['incident_detection', 'spatio_temporal']"
44,Pls show post-incident recovery along Thomson Road no visualisation needed.,"['incident_detection', 'visualization']"
45,Quick check: roadwork impact around Punggol excluding heavy traffic alerts.,"['spatio_temporal', 'traffic_impact']"
46,Is there any update on whether it's due to roadwork around Marina Bay without the minor events.,['spatio_temporal']
47,Any idea why whether weather is affecting traffic at expressway interchanges but don't forecast anything yet.,"['causal_analysis', 'meta_attributes']"
48,Show me the impact level near CTE Braddell just now?,"['spatio_temporal', 'traffic_impact']"
49,Any idea why incident severity near Sengkang right now?,"['causal_analysis', 'incident_detection', 'incident_classification', 'spatio_temporal']"
50,I think something's off any anomalies in the northern sector and compare with yesterday.,"['traffic_anomaly', 'spatio_temporal']"
51,Not sure but looks like post-incident recovery just now?,['incident_detection']
52,Please pull up any anomalies at expressway interchanges today?,['traffic_anomaly']
53,Quick check: travel time delays in the northern sector if possible.,"['spatio_temporal', 'traffic_impact']"
54,"Hey, can you check forecast for the next hour around Marina Bay","['traffic_forecasting', 'spatio_temporal']"
55,"Hey, can you check traffic situation around Punggol today?",['spatio_temporal']
56,"Hey, can you check incident severity around Marina Bay for the evening peak?","['incident_detection', 'incident_classification', 'spatio_temporal']"
57,Show me what caused the jam near Sengkang since morning?,"['causal_analysis', 'spatio_temporal', 'traffic_impact']"
58,Could you find out whether it's due to roadwork along Thomson Road no visualisation needed.,['visualization']
59,Is there any update on the congestion trend in the northern sector and show a quick chart.,"['spatio_temporal', 'traffic_impact', 'visualization']"
60,I suspect if there's an incident around Punggol if possible.,"['incident_detection', 'spatio_temporal']"
61,Looks like incident severity near Changi just now?,"['incident_detection', 'incident_classification', 'spatio_temporal']"
62,Double check the spatio-temporal pattern near Sengkang right now?,['spatio_temporal']
63,Quick check: accident clusters near KPE tunnels and show a quick chart.,"['incident_detection', 'spatio_temporal', 'visualization']"
64,Please pull up the speed drop near KPE tunnels but don't forecast anything yet.,['spatio_temporal']
65,Need info on whether weather is affecting traffic central region if possible.,['meta_attributes']
66,Help me understand roadwork impact central region and compare with yesterday.,['traffic_impact']
67,Any idea why any anomalies near KPE tunnels if possible.,"['causal_analysis', 'traffic_anomaly', 'spatio_temporal']"
68,Is there any update on if sensors are behaving weird near Sengkang,"['traffic_anomaly', 'spatio_temporal']"
69,I'm seeing unusual readings near why traffic is slowing down at AYE westbound since morning?,"['causal_analysis', 'traffic_anomaly', 'spatio_temporal']"
70,Can you check forecast for the next hour along the PIE right now?,['traffic_forecasting']
71,Please pull up traffic situation along Thomson Road and compare with yesterday.,[]
72,Looks like forecast for the next hour along Thomson Road since morning?,['traffic_forecasting']
73,I'm seeing unusual readings near today’s accidents at expressway interchanges and show a quick chart.,"['incident_detection', 'traffic_anomaly', 'spatio_temporal', 'visualization']"
74,Is there any update on whether weather is affecting traffic around Punggol in simple terms pls.,"['spatio_temporal', 'meta_attributes']"
75,Can you check whether weather is affecting traffic central region,['meta_attributes']
76,I'm seeing unusual readings near what caused the jam at expressway interchanges in simple terms pls.,"['causal_analysis', 'traffic_anomaly', 'spatio_temporal', 'traffic_impact']"
77,Someone reported why traffic is slowing down along Thomson Road and compare with yesterday.,['causal_analysis']
78,I think something's off recent breakdowns along Thomson Road but don't forecast anything yet.,['incident_detection']
79,Need info on whether weather is affecting traffic near Sengkang without the minor events.,"['spatio_temporal', 'meta_attributes']"
80,Looks like roadwork impact downtown CBD and compare with yesterday.,['traffic_impact']
81,I'm seeing unusual readings near whether it's due to roadwork just now?,"['traffic_anomaly', 'spatio_temporal']"
82,Is there any update on if there's an incident central region for the evening peak?,['incident_detection']
83,Help me understand today’s accidents along the PIE in simple terms pls.,['incident_detection']
84,Double check the speed drop along Thomson Road just now?,[]
85,Help me understand travel time delays near CTE Braddell in simple terms pls.,"['spatio_temporal', 'traffic_impact']"
86,Do we know the impact level around Toa Payoh and check weather too.,"['spatio_temporal', 'traffic_impact', 'meta_attributes']"
87,I think something's off the speed drop near CTE Braddell in simple terms pls.,['spatio_temporal']
88,I'm seeing unusual readings near whether weather is affecting traffic at expressway interchanges,"['traffic_anomaly', 'spatio_temporal', 'meta_attributes']"
89,I'm seeing unusual readings near the impact level around Jurong East in simple terms pls.,"['traffic_anomaly', 'spatio_temporal', 'traffic_impact']"
90,Could you find out what caused the jam at AYE westbound,"['causal_analysis', 'traffic_impact']"
91,Pls show accident clusters near KPE tunnels but don't forecast anything yet.,"['incident_detection', 'spatio_temporal']"
92,I suspect the speed drop around Toa Payoh if possible.,['spatio_temporal']
93,Help me understand the speed drop in the northern sector and check weather too.,"['spatio_temporal', 'meta_attributes']"
94,Can you check recent breakdowns around Toa Payoh and compare with yesterday.,"['incident_detection', 'spatio_temporal']"
95,Quick check: whether weather is affecting traffic around Toa Payoh,"['spatio_temporal', 'meta_attributes']"
96,Pls show whether weather is affecting traffic near CTE Braddell if possible.,"['spatio_temporal', 'meta_attributes']"
97,Can you check accident clusters around Jurong East and check weather too.,"['incident_detection', 'spatio_temporal', 'meta_attributes']"
98,I suspect recent breakdowns at expressway interchanges right now?,['incident_detection']
99,Help me understand whether weather is affecting traffic at expressway interchanges for the last hour?,['meta_attributes']
100,Help me understand any anomalies around Marina Bay right now?,"['traffic_anomaly', 'spatio_temporal']"
101,I think something's off traffic situation around Jurong East,['spatio_temporal']
102,Please pull up what caused the jam no visualisation needed.,"['causal_analysis', 'traffic_impact', 'visualization']"
103,Do we know why traffic is slowing down around Toa Payoh and compare with yesterday.,"['causal_analysis', 'spatio_temporal']"
104,I suspect post-incident recovery around Punggol and show a quick chart.,"['incident_detection', 'spatio_temporal', 'visualization']"
105,Help me understand the volume spike around Marina Bay and show a quick chart.,"['spatio_temporal', 'visualization']"
106,I'm seeing unusual readings near forecast for the next hour at AYE westbound and compare with yesterday.,"['traffic_anomaly', 'traffic_forecasting', 'spatio_temporal']"
107,Looks like the volume spike near Sengkang,['spatio_temporal']
108,Looks like the speed drop in the northern sector without the minor events.,['spatio_temporal']
109,Double check incident severity downtown CBD and compare with yesterday.,"['incident_detection', 'incident_classification']"
110,Someone reported what caused the jam along Thomson Road if possible.,"['causal_analysis', 'traffic_impact']"
111,Double check the congestion trend around Jurong East right now?,"['spatio_temporal', 'traffic_impact']"
112,Can we confirm if there's an incident at AYE westbound for the evening peak?,['incident_detection']
113,Can you check roadwork impact near KPE tunnels but don't forecast anything yet.,"['spatio_temporal', 'traffic_impact']"
114,Is there any update on whether weather is affecting traffic around Toa Payoh no visualisation needed.,"['spatio_temporal', 'visualization', 'meta_attributes']"
115,Any idea why the impact level near KPE tunnels and check weather too.,"['causal_analysis', 'spatio_temporal', 'traffic_impact', 'meta_attributes']"
116,"Hey, can you check if there's an incident in the northern sector and check weather too.","['incident_detection', 'spatio_temporal', 'meta_attributes']"
117,Double check recent breakdowns around Woodlands checkpoint and check weather too.,"['incident_detection', 'spatio_temporal', 'meta_attributes']"
118,Someone reported forecast for the next hour near Changi right now?,"['traffic_forecasting', 'spatio_temporal']"
119,Looks like the congestion trend near CTE Braddell just now?,"['spatio_temporal', 'traffic_impact']"
120,I'm seeing unusual readings near post-incident recovery along Thomson Road for the evening peak?,"['incident_detection', 'traffic_anomaly', 'spatio_temporal']"
121,Someone reported the volume spike downtown CBD in simple terms pls.,[]
122,Someone reported whether weather is affecting traffic near Sengkang no visualisation needed.,"['spatio_temporal', 'visualization', 'meta_attributes']"
123,Double check travel time delays around Marina Bay today?,"['spatio_temporal', 'traffic_impact']"
124,Someone reported travel time delays near KPE tunnels for the evening peak?,"['spatio_temporal', 'traffic_impact']"
125,Pls show recent breakdowns in the northern sector,"['incident_detection', 'spatio_temporal']"
126,Need info on post-incident recovery no visualisation needed.,"['incident_detection', 'visualization']"
127,Help me understand incident severity around Toa Payoh but don't forecast anything yet.,"['incident_detection', 'incident_classification', 'spatio_temporal']"
128,Not sure but looks like if sensors are behaving weird around Punggol since morning?,"['traffic_anomaly', 'spatio_temporal']"
129,Help me understand forecast for the next hour downtown CBD for the evening peak?,['traffic_forecasting']
130,Please pull up the speed drop along Thomson Road and show a quick chart.,['visualization']
131,I think something's off travel time delays along Thomson Road,['traffic_impact']
132,Any idea why post-incident recovery and check weather too.,"['causal_analysis', 'incident_detection', 'meta_attributes']"
133,Show me traffic situation around Toa Payoh just now?,['spatio_temporal']
134,Can we confirm what caused the jam along the PIE without the minor events.,"['causal_analysis', 'traffic_impact']"
135,Can we confirm whether it's due to roadwork at expressway interchanges excluding heavy traffic alerts.,[]
136,Could you find out travel time delays around Marina Bay but don't forecast anything yet.,"['spatio_temporal', 'traffic_impact']"
137,Show me if there's an incident along the PIE and compare with yesterday.,['incident_detection']
138,Please pull up recent breakdowns at expressway interchanges since morning?,['incident_detection']
139,Please pull up if there's an incident at expressway interchanges no visualisation needed.,"['incident_detection', 'visualization']"
140,Pls show the volume spike along Thomson Road and check weather too.,['meta_attributes']
141,Is there any update on if sensors are behaving weird near Changi without the minor events.,"['traffic_anomaly', 'spatio_temporal']"
142,Can we confirm travel time delays at expressway interchanges if possible.,['traffic_impact']
143,Someone reported any anomalies near KPE tunnels just now?,"['traffic_anomaly', 'spatio_temporal']"
144,"Hey, can you check post-incident recovery near CTE Braddell and check weather too.","['incident_detection', 'spatio_temporal', 'meta_attributes']"
145,Is there any update on the impact level at AYE westbound in simple terms pls.,['traffic_impact']
146,Please pull up why traffic is slowing down at expressway interchanges today?,['causal_analysis']
147,Not sure but looks like what caused the jam at expressway interchanges,"['causal_analysis', 'traffic_impact']"
148,Help me understand roadwork impact at expressway interchanges for the last hour?,['traffic_impact']
149,Could you find out forecast for the next hour around Marina Bay just now?,"['traffic_forecasting', 'spatio_temporal']"
150,Someone reported whether weather is affecting traffic near Sengkang for the last hour?,"['spatio_temporal', 'meta_attributes']"
151,"Hey, can you check the spatio-temporal pattern around Marina Bay and show a quick chart.","['spatio_temporal', 'visualization']"
152,Quick check: the spatio-temporal pattern in simple terms pls.,['spatio_temporal']
153,Pls show the impact level at expressway interchanges right now?,['traffic_impact']
154,Pls show today’s accidents near Sengkang right now?,"['incident_detection', 'spatio_temporal']"
155,Looks like recent breakdowns downtown CBD for the evening peak?,['incident_detection']
156,"Hey, can you check the speed drop at AYE westbound in simple terms pls.",[]
157,Not sure but looks like the speed drop near Changi if possible.,['spatio_temporal']
158,Pls show forecast for the next hour at expressway interchanges without the minor events.,['traffic_forecasting']
159,Please pull up whether weather is affecting traffic and check weather too.,['meta_attributes']
160,I think something's off if sensors are behaving weird near Sengkang and show a quick chart.,"['traffic_anomaly', 'spatio_temporal', 'visualization']"
161,"Hey, can you check recent breakdowns along the PIE today?",['incident_detection']
162,Please pull up whether weather is affecting traffic around Punggol in simple terms pls.,"['spatio_temporal', 'meta_attributes']"
163,I think something's off accident clusters at expressway interchanges without the minor events.,['incident_detection']
164,Can we confirm incident severity along Thomson Road no visualisation needed.,"['incident_detection', 'incident_classification', 'visualization']"
165,Can you check if sensors are behaving weird around Marina Bay and compare with yesterday.,"['traffic_anomaly', 'spatio_temporal']"
166,Pls show whether weather is affecting traffic around Woodlands checkpoint excluding heavy traffic alerts.,"['spatio_temporal', 'meta_attributes']"
167,Show me the congestion trend near KPE tunnels excluding heavy traffic alerts.,"['spatio_temporal', 'traffic_impact']"
168,Is there any update on if there's an incident around Jurong East for the evening peak?,"['incident_detection', 'spatio_temporal']"
169,Need info on whether it's due to roadwork around Marina Bay and compare with yesterday.,['spatio_temporal']
170,Is there any update on incident severity in the northern sector but don't forecast anything yet.,"['incident_detection', 'incident_classification', 'spatio_temporal']"
171,Can you check incident severity downtown CBD without the minor events.,"['incident_detection', 'incident_classification']"
172,Need info on post-incident recovery and check weather too.,"['incident_detection', 'meta_attributes']"
173,Pls show what caused the jam around Woodlands checkpoint just now?,"['causal_analysis', 'spatio_temporal', 'traffic_impact']"
174,Please pull up incident severity along Thomson Road and check weather too.,"['incident_detection', 'incident_classification', 'meta_attributes']"
175,Can we confirm the volume spike near CTE Braddell today?,['spatio_temporal']
176,I'm seeing unusual readings near if there's an incident without the minor events.,"['incident_detection', 'traffic_anomaly', 'spatio_temporal']"
177,Pls show the spatio-temporal pattern near KPE tunnels and show a quick chart.,"['spatio_temporal', 'visualization']"
178,Is there any update on if sensors are behaving weird along the PIE,['traffic_anomaly']
179,Do we know recent breakdowns near CTE Braddell for the last hour?,"['incident_detection', 'spatio_temporal']"
180,Show me the impact level near Sengkang since morning?,"['spatio_temporal', 'traffic_impact']"
181,Double check roadwork impact around Marina Bay,"['spatio_temporal', 'traffic_impact']"
182,Is there any update on traffic situation at AYE westbound and show a quick chart.,['visualization']
183,Someone reported whether it's due to roadwork along the PIE since morning?,[]
184,I think something's off the volume spike around Toa Payoh and show a quick chart.,"['spatio_temporal', 'visualization']"
185,Quick check: post-incident recovery,['incident_detection']
186,Any idea why what caused the jam near Changi just now?,"['causal_analysis', 'spatio_temporal', 'traffic_impact']"
187,Help me understand what caused the jam around Marina Bay for the evening peak?,"['causal_analysis', 'spatio_temporal', 'traffic_impact']"
188,Looks like accident clusters along Thomson Road and show a quick chart.,"['incident_detection', 'visualization']"
189,Someone reported roadwork impact at expressway interchanges and check weather too.,"['traffic_impact', 'meta_attributes']"
190,Need info on any anomalies near Changi since morning?,"['traffic_anomaly', 'spatio_temporal']"
191,Please pull up why traffic is slowing down along the PIE if possible.,['causal_analysis']
192,Pls show the speed drop near Sengkang for the last hour?,['spatio_temporal']
193,Any idea why roadwork impact around Jurong East and compare with yesterday.,"['causal_analysis', 'spatio_temporal', 'traffic_impact']"
194,Is there any update on why traffic is slowing down,['causal_analysis']
195,Need info on whether weather is affecting traffic near KPE tunnels and check weather too.,"['spatio_temporal', 'meta_attributes']"
196,Can you check the speed drop around Punggol excluding heavy traffic alerts.,['spatio_temporal']
197,I suspect traffic situation around Woodlands checkpoint,['spatio_temporal']
198,I suspect traffic situation at AYE westbound without the minor events.,[]
199,I'm seeing unusual readings near recent breakdowns near CTE Braddell if possible.,"['incident_detection', 'traffic_anomaly', 'spatio_temporal']"
200,Can we confirm travel time delays downtown CBD today?,['traffic_impact']
201,Please pull up the congestion trend at AYE westbound and check weather too.,"['traffic_impact', 'meta_attributes']"
202,I suspect the impact level at expressway interchanges if possible.,['traffic_impact']
203,"Hey, can you check traffic situation downtown CBD just now?",[]
204,Can we confirm why traffic is slowing down around Jurong East,"['causal_analysis', 'spatio_temporal']"
205,Any idea why today’s accidents downtown CBD for the last hour?,"['causal_analysis', 'incident_detection']"
206,Please pull up forecast for the next hour and compare with yesterday.,['traffic_forecasting']
207,Double check accident clusters in the northern sector,"['incident_detection', 'spatio_temporal']"
208,Can we confirm what caused the jam near CTE Braddell for the last hour?,"['causal_analysis', 'spatio_temporal', 'traffic_impact']"
209,Need info on accident clusters along Thomson Road in simple terms pls.,['incident_detection']
210,I think something's off what caused the jam around Marina Bay just now?,"['causal_analysis', 'spatio_temporal', 'traffic_impact']"
211,I'm seeing unusual readings near the spatio-temporal pattern,"['traffic_anomaly', 'spatio_temporal']"
212,"Hey, can you check the volume spike for the evening peak?",[]
213,Please pull up traffic situation around Woodlands checkpoint for the last hour?,['spatio_temporal']
214,Show me whether it's due to roadwork around Jurong East but don't forecast anything yet.,['spatio_temporal']
215,Looks like incident severity around Marina Bay without the minor events.,"['incident_detection', 'incident_classification', 'spatio_temporal']"
216,I'm seeing unusual readings near what caused the jam around Punggol but don't forecast anything yet.,"['causal_analysis', 'traffic_anomaly', 'spatio_temporal', 'traffic_impact']"
217,Is there any update on the congestion trend along the PIE for the last hour?,['traffic_impact']
218,Looks like what caused the jam around Jurong East but don't forecast anything yet.,"['causal_analysis', 'spatio_temporal', 'traffic_impact']"
219,Looks like accident clusters around Punggol,"['incident_detection', 'spatio_temporal']"
220,Do we know recent breakdowns around Woodlands checkpoint and check weather too.,"['incident_detection', 'spatio_temporal', 'meta_attributes']"
221,I think something's off if there's an incident near KPE tunnels and compare with yesterday.,"['incident_detection', 'spatio_temporal']"
222,I suspect the spatio-temporal pattern along the PIE if possible.,['spatio_temporal']
223,Show me whether weather is affecting traffic at AYE westbound just now?,['meta_attributes']
224,I suspect forecast for the next hour around Woodlands checkpoint no visualisation needed.,"['traffic_forecasting', 'spatio_temporal', 'visualization']"
225,Someone reported forecast for the next hour around Toa Payoh today?,"['traffic_forecasting', 'spatio_temporal']"
226,Pls show the congestion trend along the PIE,['traffic_impact']
227,Pls show traffic situation near CTE Braddell but don't forecast anything yet.,['spatio_temporal']
228,Show me whether weather is affecting traffic around Jurong East but don't forecast anything yet.,"['spatio_temporal', 'meta_attributes']"
229,Not sure but looks like accident clusters at AYE westbound since morning?,['incident_detection']
230,Can we confirm why traffic is slowing down near Sengkang excluding heavy traffic alerts.,"['causal_analysis', 'spatio_temporal']"
231,I suspect whether weather is affecting traffic near CTE Braddell right now?,"['spatio_temporal', 'meta_attributes']"
232,I'm seeing unusual readings near the impact level around Woodlands checkpoint and compare with yesterday.,"['traffic_anomaly', 'spatio_temporal', 'traffic_impact']"
233,I think something's off whether weather is affecting traffic near KPE tunnels no visualisation needed.,"['spatio_temporal', 'visualization', 'meta_attributes']"
234,Double check recent breakdowns along the PIE since morning?,['incident_detection']
235,Help me understand forecast for the next hour near CTE Braddell right now?,"['traffic_forecasting', 'spatio_temporal']"
236,Please pull up recent breakdowns near CTE Braddell no visualisation needed.,"['incident_detection', 'spatio_temporal', 'visualization']"
237,Someone reported post-incident recovery around Jurong East today?,"['incident_detection', 'spatio_temporal']"
238,Help me understand whether weather is affecting traffic near KPE tunnels right now?,"['spatio_temporal', 'meta_attributes']"
239,Could you find out recent breakdowns around Marina Bay if possible.,"['incident_detection', 'spatio_temporal']"
240,Can we confirm any anomalies in the northern sector since morning?,"['traffic_anomaly', 'spatio_temporal']"
241,"Hey, can you check the speed drop central region right now?",[]
242,I'm seeing unusual readings near the volume spike near Sengkang for the evening peak?,"['traffic_anomaly', 'spatio_temporal']"
243,Someone reported the spatio-temporal pattern around Toa Payoh right now?,['spatio_temporal']
244,Can you check any anomalies at AYE westbound no visualisation needed.,"['traffic_anomaly', 'visualization']"
245,Could you find out the speed drop in the northern sector just now?,['spatio_temporal']
246,Someone reported incident severity along Thomson Road if possible.,"['incident_detection', 'incident_classification']"
247,Can we confirm the speed drop at expressway interchanges just now?,[]
248,Need info on forecast for the next hour central region,['traffic_forecasting']
249,Show me the congestion trend near CTE Braddell and compare with yesterday.,"['spatio_temporal', 'traffic_impact']"
250,Any idea why today’s accidents around Toa Payoh no visualisation needed.,"['causal_analysis', 'incident_detection', 'spatio_temporal', 'visualization']"
251,Can you check accident clusters along the PIE in simple terms pls.,['incident_detection']
252,Help me understand the impact level around Toa Payoh if possible.,"['spatio_temporal', 'traffic_impact']"
253,Can we confirm today’s accidents around Jurong East excluding heavy traffic alerts.,"['incident_detection', 'spatio_temporal']"
254,I suspect post-incident recovery along Thomson Road if possible.,['incident_detection']
255,Pls show the speed drop near CTE Braddell today?,['spatio_temporal']
256,I'm seeing unusual readings near any anomalies along Thomson Road in simple terms pls.,"['traffic_anomaly', 'spatio_temporal']"
257,Do we know the impact level near Sengkang if possible.,"['spatio_temporal', 'traffic_impact']"
258,Any idea why accident clusters around Woodlands checkpoint right now?,"['causal_analysis', 'incident_detection', 'spatio_temporal']"
259,Double check if sensors are behaving weird at expressway interchanges no visualisation needed.,"['traffic_anomaly', 'visualization']"
260,Quick check: travel time delays near Sengkang excluding heavy traffic alerts.,"['spatio_temporal', 'traffic_impact']"
261,Someone reported incident severity around Toa Payoh and check weather too.,"['incident_detection', 'incident_classification', 'spatio_temporal', 'meta_attributes']"
262,Pls show any anomalies around Woodlands checkpoint but don't forecast anything yet.,"['traffic_anomaly', 'spatio_temporal']"
263,Pls show the impact level in the northern sector since morning?,"['spatio_temporal', 'traffic_impact']"
264,Please pull up what caused the jam around Punggol no visualisation needed.,"['causal_analysis', 'spatio_temporal', 'traffic_impact', 'visualization']"
265,Someone reported the impact level around Punggol,"['spatio_temporal', 'traffic_impact']"
266,Quick check: whether it's due to roadwork for the last hour?,[]
267,Pls show today’s accidents near Changi for the last hour?,"['incident_detection', 'spatio_temporal']"
268,Can we confirm today’s accidents in the northern sector without the minor events.,"['incident_detection', 'spatio_temporal']"
269,Please pull up if there's an incident along Thomson Road excluding heavy traffic alerts.,['incident_detection']
270,Quick check: recent breakdowns at AYE westbound and check weather too.,"['incident_detection', 'meta_attributes']"
271,Quick check: recent breakdowns around Marina Bay just now?,"['incident_detection', 'spatio_temporal']"
272,Not sure but looks like the speed drop around Toa Payoh in simple terms pls.,['spatio_temporal']
273,Pls show travel time delays central region in simple terms pls.,['traffic_impact']
274,I think something's off any anomalies at AYE westbound no visualisation needed.,"['traffic_anomaly', 'visualization']"
275,Looks like the speed drop at AYE westbound but don't forecast anything yet.,[]
276,Help me understand the volume spike downtown CBD,[]
277,Please pull up travel time delays in the northern sector,"['spatio_temporal', 'traffic_impact']"
278,Can we confirm any anomalies at expressway interchanges but don't forecast anything yet.,['traffic_anomaly']
279,Can you check roadwork impact near CTE Braddell for the last hour?,"['spatio_temporal', 'traffic_impact']"
280,I think something's off roadwork impact around Toa Payoh and show a quick chart.,"['spatio_temporal', 'traffic_impact', 'visualization']"
281,Any idea why what caused the jam near Changi for the last hour?,"['causal_analysis', 'spatio_temporal', 'traffic_impact']"
282,Any idea why what caused the jam around Woodlands checkpoint and compare with yesterday.,"['causal_analysis', 'spatio_temporal', 'traffic_impact']"
283,Please pull up post-incident recovery central region today?,['incident_detection']
284,Any idea why the impact level near KPE tunnels,"['causal_analysis', 'spatio_temporal', 'traffic_impact']"
285,Can we confirm if there's an incident along Thomson Road and show a quick chart.,"['incident_detection', 'visualization']"
286,I think something's off travel time delays in the northern sector,"['spatio_temporal', 'traffic_impact']"
287,Double check recent breakdowns around Woodlands checkpoint and compare with yesterday.,"['incident_detection', 'spatio_temporal']"
288,Pls show the speed drop around Jurong East,['spatio_temporal']
289,"Hey, can you check today’s accidents at expressway interchanges but don't forecast anything yet.",['incident_detection']
290,I'm seeing unusual readings near incident severity in the northern sector if possible.,"['incident_detection', 'incident_classification', 'traffic_anomaly', 'spatio_temporal']"
291,"Hey, can you check accident clusters at expressway interchanges if possible.",['incident_detection']
292,Someone reported recent breakdowns in the northern sector and check weather too.,"['incident_detection', 'spatio_temporal', 'meta_attributes']"
293,Do we know the congestion trend around Marina Bay just now?,"['spatio_temporal', 'traffic_impact']"
294,Any idea why accident clusters along the PIE,"['causal_analysis', 'incident_detection']"
295,"Hey, can you check accident clusters at expressway interchanges if possible.",['incident_detection']
296,Quick check: post-incident recovery around Woodlands checkpoint no visualisation needed.,"['incident_detection', 'spatio_temporal', 'visualization']"
297,Help me understand traffic situation around Punggol,['spatio_temporal']
298,Please pull up post-incident recovery at AYE westbound without the minor events.,['incident_detection']
299,Need info on travel time delays near Sengkang for the evening peak?,"['spatio_temporal', 'traffic_impact']"
300,Can we confirm forecast for the next hour near CTE Braddell for the last hour?,"['traffic_forecasting', 'spatio_temporal']"
301,Any idea why the speed drop along the PIE without the minor events.,['causal_analysis']
302,Can we confirm what caused the jam around Marina Bay excluding heavy traffic alerts.,"['causal_analysis', 'spatio_temporal', 'traffic_impact']"
303,Do we know roadwork impact around Punggol,"['spatio_temporal', 'traffic_impact']"
304,Double check any anomalies in the northern sector no visualisation needed.,"['traffic_anomaly', 'spatio_temporal', 'visualization']"
305,Is there any update on the volume spike near KPE tunnels excluding heavy traffic alerts.,['spatio_temporal']
306,Any idea why if there's an incident around Toa Payoh just now?,"['causal_analysis', 'incident_detection', 'spatio_temporal']"
307,I'm seeing unusual readings near why traffic is slowing down near KPE tunnels,"['causal_analysis', 'traffic_anomaly', 'spatio_temporal']"
308,Any idea why accident clusters and compare with yesterday.,"['causal_analysis', 'incident_detection']"
309,I think something's off whether weather is affecting traffic around Marina Bay if possible.,"['spatio_temporal', 'meta_attributes']"
310,Help me understand any anomalies downtown CBD without the minor events.,['traffic_anomaly']
311,Not sure but looks like the speed drop along the PIE for the evening peak?,[]
312,Someone reported any anomalies near CTE Braddell without the minor events.,"['traffic_anomaly', 'spatio_temporal']"
313,Can we confirm forecast for the next hour at AYE westbound since morning?,['traffic_forecasting']
314,Pls show if sensors are behaving weird near Sengkang for the evening peak?,"['traffic_anomaly', 'spatio_temporal']"
315,Do we know post-incident recovery around Marina Bay no visualisation needed.,"['incident_detection', 'spatio_temporal', 'visualization']"
316,"Hey, can you check incident severity along the PIE right now?","['incident_detection', 'incident_classification']"
317,Is there any update on the impact level around Toa Payoh,"['spatio_temporal', 'traffic_impact']"
318,Can you check travel time delays around Toa Payoh,"['spatio_temporal', 'traffic_impact']"
319,Pls show the spatio-temporal pattern around Punggol just now?,['spatio_temporal']
320,"Hey, can you check recent breakdowns near CTE Braddell but don't forecast anything yet.","['incident_detection', 'spatio_temporal']"
321,Someone reported if sensors are behaving weird and check weather too.,"['traffic_anomaly', 'meta_attributes']"
322,Pls show the impact level around Jurong East if possible.,"['spatio_temporal', 'traffic_impact']"
323,Someone reported the speed drop around Woodlands checkpoint excluding heavy traffic alerts.,['spatio_temporal']
324,Looks like any anomalies at AYE westbound since morning?,['traffic_anomaly']
325,Someone reported what caused the jam central region right now?,"['causal_analysis', 'traffic_impact']"
326,Any idea why roadwork impact along the PIE excluding heavy traffic alerts.,"['causal_analysis', 'traffic_impact']"
327,Do we know traffic situation around Jurong East excluding heavy traffic alerts.,['spatio_temporal']
328,I think something's off the speed drop near Sengkang just now?,['spatio_temporal']
329,Show me what caused the jam along Thomson Road since morning?,"['causal_analysis', 'traffic_impact']"
330,I suspect if there's an incident near CTE Braddell for the evening peak?,"['incident_detection', 'spatio_temporal']"
331,Can we confirm roadwork impact near Sengkang and show a quick chart.,"['spatio_temporal', 'traffic_impact', 'visualization']"
332,Any idea why today’s accidents along the PIE since morning?,"['causal_analysis', 'incident_detection']"
333,Can we confirm travel time delays in the northern sector but don't forecast anything yet.,"['spatio_temporal', 'traffic_impact']"
334,I think something's off the spatio-temporal pattern along the PIE if possible.,['spatio_temporal']
335,Could you find out the impact level along the PIE in simple terms pls.,['traffic_impact']
336,Could you find out the congestion trend around Punggol and check weather too.,"['spatio_temporal', 'traffic_impact', 'meta_attributes']"
337,Is there any update on any anomalies around Toa Payoh excluding heavy traffic alerts.,"['traffic_anomaly', 'spatio_temporal']"
338,Need info on if sensors are behaving weird along the PIE in simple terms pls.,['traffic_anomaly']
339,Is there any update on why traffic is slowing down along Thomson Road,['causal_analysis']
340,Someone reported recent breakdowns around Toa Payoh excluding heavy traffic alerts.,"['incident_detection', 'spatio_temporal']"
341,Any idea why whether weather is affecting traffic in the northern sector just now?,"['causal_analysis', 'spatio_temporal', 'meta_attributes']"
342,Looks like the speed drop at AYE westbound no visualisation needed.,['visualization']
343,I think something's off accident clusters for the evening peak?,['incident_detection']
344,Someone reported whether it's due to roadwork around Woodlands checkpoint no visualisation needed.,"['spatio_temporal', 'visualization']"
345,Looks like incident severity around Jurong East,"['incident_detection', 'incident_classification', 'spatio_temporal']"
346,I'm seeing unusual readings near the congestion trend along Thomson Road,"['traffic_anomaly', 'spatio_temporal', 'traffic_impact']"
347,Someone reported today’s accidents near CTE Braddell,"['incident_detection', 'spatio_temporal']"
348,I suspect whether it's due to roadwork along Thomson Road just now?,[]
349,Double check if sensors are behaving weird around Toa Payoh right now?,"['traffic_anomaly', 'spatio_temporal']"
350,I think something's off incident severity around Toa Payoh,"['incident_detection', 'incident_classification', 'spatio_temporal']"
351,Please pull up what caused the jam around Toa Payoh and show a quick chart.,"['causal_analysis', 'spatio_temporal', 'traffic_impact', 'visualization']"
352,Help me understand what caused the jam near Changi no visualisation needed.,"['causal_analysis', 'spatio_temporal', 'traffic_impact', 'visualization']"
353,Not sure but looks like accident clusters around Marina Bay just now?,"['incident_detection', 'spatio_temporal']"
354,Help me understand the spatio-temporal pattern near CTE Braddell for the evening peak?,['spatio_temporal']
355,Help me understand forecast for the next hour around Marina Bay just now?,"['traffic_forecasting', 'spatio_temporal']"
356,Help me understand accident clusters in the northern sector for the evening peak?,"['incident_detection', 'spatio_temporal']"
357,Not sure but looks like the speed drop near KPE tunnels no visualisation needed.,"['spatio_temporal', 'visualization']"
358,Do we know recent breakdowns downtown CBD without the minor events.,['incident_detection']
359,Could you find out travel time delays at expressway interchanges and show a quick chart.,"['traffic_impact', 'visualization']"
360,Someone reported forecast for the next hour around Jurong East for the evening peak?,"['traffic_forecasting', 'spatio_temporal']"
361,Any idea why travel time delays at expressway interchanges for the last hour?,"['causal_analysis', 'traffic_impact']"
362,Can we confirm today’s accidents around Punggol in simple terms pls.,"['incident_detection', 'spatio_temporal']"
363,Please pull up what caused the jam central region for the evening peak?,"['causal_analysis', 'traffic_impact']"
364,Double check the speed drop along Thomson Road just now?,[]
365,Show me recent breakdowns around Toa Payoh,"['incident_detection', 'spatio_temporal']"
366,I suspect whether weather is affecting traffic around Jurong East for the last hour?,"['spatio_temporal', 'meta_attributes']"
367,Double check why traffic is slowing down downtown CBD and check weather too.,"['causal_analysis', 'meta_attributes']"
368,Do we know what caused the jam downtown CBD excluding heavy traffic alerts.,"['causal_analysis', 'traffic_impact']"
369,Double check whether it's due to roadwork at AYE westbound,[]
370,Pls show accident clusters near Changi just now?,"['incident_detection', 'spatio_temporal']"
371,Double check roadwork impact around Jurong East for the last hour?,"['spatio_temporal', 'traffic_impact']"
372,Quick check: the volume spike near Changi for the evening peak?,['spatio_temporal']
373,Looks like the congestion trend downtown CBD just now?,['traffic_impact']
374,Is there any update on the spatio-temporal pattern at expressway interchanges since morning?,['spatio_temporal']
375,Can you check whether it's due to roadwork around Jurong East today?,['spatio_temporal']
376,I think something's off forecast for the next hour around Toa Payoh and show a quick chart.,"['traffic_forecasting', 'spatio_temporal', 'visualization']"
377,Can we confirm incident severity around Woodlands checkpoint and show a quick chart.,"['incident_detection', 'incident_classification', 'spatio_temporal', 'visualization']"
378,Can we confirm post-incident recovery around Punggol for the last hour?,"['incident_detection', 'spatio_temporal']"
379,Show me what caused the jam around Woodlands checkpoint and compare with yesterday.,"['causal_analysis', 'spatio_temporal', 'traffic_impact']"
380,Someone reported any anomalies near KPE tunnels in simple terms pls.,"['traffic_anomaly', 'spatio_temporal']"
381,Not sure but looks like what caused the jam near KPE tunnels if possible.,"['causal_analysis', 'spatio_temporal', 'traffic_impact']"
382,Someone reported whether it's due to roadwork near Sengkang and compare with yesterday.,['spatio_temporal']
383,Show me travel time delays around Punggol without the minor events.,"['spatio_temporal', 'traffic_impact']"
384,Quick check: if there's an incident near KPE tunnels no visualisation needed.,"['incident_detection', 'spatio_temporal', 'visualization']"
385,Please pull up the spatio-temporal pattern along Thomson Road but don't forecast anything yet.,['spatio_temporal']
386,Quick check: recent breakdowns near CTE Braddell and compare with yesterday.,"['incident_detection', 'spatio_temporal']"
387,Pls show roadwork impact at AYE westbound and show a quick chart.,"['traffic_impact', 'visualization']"
388,Pls show whether weather is affecting traffic around Woodlands checkpoint,"['spatio_temporal', 'meta_attributes']"
389,Double check the impact level along Thomson Road since morning?,['traffic_impact']
390,Help me understand roadwork impact at AYE westbound,['traffic_impact']
391,Show me roadwork impact around Toa Payoh for the evening peak?,"['spatio_temporal', 'traffic_impact']"
392,Can you check accident clusters along Thomson Road for the last hour?,['incident_detection']
393,Quick check: the spatio-temporal pattern in the northern sector and show a quick chart.,"['spatio_temporal', 'visualization']"
394,Pls show what caused the jam near Changi,"['causal_analysis', 'spatio_temporal', 'traffic_impact']"
395,Could you find out incident severity along the PIE,"['incident_detection', 'incident_classification']"
396,I'm seeing unusual readings near the speed drop near KPE tunnels right now?,"['traffic_anomaly', 'spatio_temporal']"
397,Pls show roadwork impact along the PIE and check weather too.,"['traffic_impact', 'meta_attributes']"
398,Double check what caused the jam near KPE tunnels and show a quick chart.,"['causal_analysis', 'spatio_temporal', 'traffic_impact', 'visualization']"
399,Quick check: travel time delays downtown CBD for the evening peak?,['traffic_impact']
400,Not sure but looks like the volume spike along the PIE and show a quick chart.,['visualization']
401,Is there any update on the congestion trend at expressway interchanges excluding heavy traffic alerts.,['traffic_impact']
402,Someone reported today’s accidents near KPE tunnels without the minor events.,"['incident_detection', 'spatio_temporal']"
403,Someone reported whether it's due to roadwork in the northern sector for the last hour?,['spatio_temporal']
404,"Hey, can you check if there's an incident and compare with yesterday.",['incident_detection']
405,Show me if sensors are behaving weird around Jurong East right now?,"['traffic_anomaly', 'spatio_temporal']"
406,I suspect the volume spike near Changi excluding heavy traffic alerts.,['spatio_temporal']
407,Pls show whether weather is affecting traffic near CTE Braddell but don't forecast anything yet.,"['spatio_temporal', 'meta_attributes']"
408,Do we know the impact level around Punggol no visualisation needed.,"['spatio_temporal', 'traffic_impact', 'visualization']"
409,Double check the congestion trend near CTE Braddell excluding heavy traffic alerts.,"['spatio_temporal', 'traffic_impact']"
410,Someone reported incident severity along the PIE for the evening peak?,"['incident_detection', 'incident_classification']"
411,Not sure but looks like today’s accidents around Jurong East for the last hour?,"['incident_detection', 'spatio_temporal']"
412,Show me forecast for the next hour central region and compare with yesterday.,['traffic_forecasting']
413,Quick check: the volume spike around Toa Payoh excluding heavy traffic alerts.,['spatio_temporal']
414,"Hey, can you check the impact level near KPE tunnels and compare with yesterday.","['spatio_temporal', 'traffic_impact']"
415,I think something's off post-incident recovery downtown CBD without the minor events.,['incident_detection']
416,Looks like if sensors are behaving weird along Thomson Road,['traffic_anomaly']
417,Can you check incident severity just now?,"['incident_detection', 'incident_classification']"
418,I think something's off if sensors are behaving weird around Punggol for the last hour?,"['traffic_anomaly', 'spatio_temporal']"
419,Looks like the spatio-temporal pattern central region but don't forecast anything yet.,['spatio_temporal']
420,Someone reported recent breakdowns around Jurong East for the last hour?,"['incident_detection', 'spatio_temporal']"
421,"Hey, can you check what caused the jam around Jurong East but don't forecast anything yet.","['causal_analysis', 'spatio_temporal', 'traffic_impact']"
422,Could you find out post-incident recovery near Sengkang without the minor events.,"['incident_detection', 'spatio_temporal']"
423,Please pull up recent breakdowns in the northern sector excluding heavy traffic alerts.,"['incident_detection', 'spatio_temporal']"
424,Please pull up forecast for the next hour in the northern sector for the evening peak?,"['traffic_forecasting', 'spatio_temporal']"
425,Someone reported roadwork impact near Sengkang and compare with yesterday.,"['spatio_temporal', 'traffic_impact']"
426,Show me if there's an incident near Changi and show a quick chart.,"['incident_detection', 'spatio_temporal', 'visualization']"
427,Not sure but looks like roadwork impact near Changi since morning?,"['spatio_temporal', 'traffic_impact']"
428,Help me understand roadwork impact near Sengkang for the evening peak?,"['spatio_temporal', 'traffic_impact']"
429,Not sure but looks like any anomalies at AYE westbound no visualisation needed.,"['traffic_anomaly', 'visualization']"
430,Can you check why traffic is slowing down downtown CBD since morning?,['causal_analysis']
431,Please pull up whether it's due to roadwork around Toa Payoh and show a quick chart.,"['spatio_temporal', 'visualization']"
432,I think something's off today’s accidents around Woodlands checkpoint today?,"['incident_detection', 'spatio_temporal']"
433,Show me incident severity downtown CBD but don't forecast anything yet.,"['incident_detection', 'incident_classification']"
434,Someone reported roadwork impact around Punggol without the minor events.,"['spatio_temporal', 'traffic_impact']"
435,Pls show forecast for the next hour around Woodlands checkpoint no visualisation needed.,"['traffic_forecasting', 'spatio_temporal', 'visualization']"
436,Please pull up incident severity near Sengkang without the minor events.,"['incident_detection', 'incident_classification', 'spatio_temporal']"
437,I'm seeing unusual readings near recent breakdowns near Changi and check weather too.,"['incident_detection', 'traffic_anomaly', 'spatio_temporal', 'meta_attributes']"
438,Can we confirm roadwork impact right now?,['traffic_impact']
439,I think something's off incident severity along Thomson Road right now?,"['incident_detection', 'incident_classification']"
440,Do we know traffic situation near KPE tunnels and check weather too.,"['spatio_temporal', 'meta_attributes']"
441,Double check roadwork impact around Marina Bay and check weather too.,"['spatio_temporal', 'traffic_impact', 'meta_attributes']"
442,I suspect the congestion trend along the PIE and check weather too.,"['traffic_impact', 'meta_attributes']"
443,I'm seeing unusual readings near any anomalies in the northern sector today?,"['traffic_anomaly', 'spatio_temporal']"
444,Can you check travel time delays downtown CBD but don't forecast anything yet.,['traffic_impact']
445,Double check the volume spike near Sengkang right now?,['spatio_temporal']
446,Could you find out if there's an incident at expressway interchanges just now?,['incident_detection']
447,Is there any update on the congestion trend downtown CBD without the minor events.,['traffic_impact']
448,Could you find out today’s accidents at AYE westbound and check weather too.,"['incident_detection', 'meta_attributes']"
449,I suspect roadwork impact around Jurong East excluding heavy traffic alerts.,"['spatio_temporal', 'traffic_impact']"
450,Do we know the impact level near CTE Braddell right now?,"['spatio_temporal', 'traffic_impact']"
451,Can we confirm if sensors are behaving weird downtown CBD and compare with yesterday.,['traffic_anomaly']
452,Help me understand the congestion trend in the northern sector in simple terms pls.,"['spatio_temporal', 'traffic_impact']"
453,Do we know traffic situation at AYE westbound right now?,[]
454,Looks like the speed drop at AYE westbound for the evening peak?,[]
455,Can we confirm whether it's due to roadwork near KPE tunnels no visualisation needed.,"['spatio_temporal', 'visualization']"
456,Need info on the congestion trend near KPE tunnels but don't forecast anything yet.,"['spatio_temporal', 'traffic_impact']"
457,Need info on forecast for the next hour downtown CBD and compare with yesterday.,['traffic_forecasting']
458,Looks like whether weather is affecting traffic around Jurong East today?,"['spatio_temporal', 'meta_attributes']"
459,Looks like post-incident recovery around Woodlands checkpoint for the last hour?,"['incident_detection', 'spatio_temporal']"
460,Quick check: accident clusters around Toa Payoh for the evening peak?,"['incident_detection', 'spatio_temporal']"
461,Could you find out any anomalies along the PIE since morning?,['traffic_anomaly']
462,Can we confirm if there's an incident along Thomson Road but don't forecast anything yet.,['incident_detection']
463,I suspect what caused the jam near Changi and show a quick chart.,"['causal_analysis', 'spatio_temporal', 'traffic_impact', 'visualization']"
464,Is there any update on recent breakdowns around Woodlands checkpoint since morning?,"['incident_detection', 'spatio_temporal']"
465,Can you check travel time delays around Toa Payoh excluding heavy traffic alerts.,"['spatio_temporal', 'traffic_impact']"
466,Do we know today’s accidents central region no visualisation needed.,"['incident_detection', 'visualization']"
467,"Hey, can you check the speed drop at expressway interchanges and check weather too.",['meta_attributes']
468,Please pull up the speed drop in the northern sector,['spatio_temporal']
469,"Hey, can you check whether weather is affecting traffic central region for the last hour?",['meta_attributes']
470,I'm seeing unusual readings near incident severity at expressway interchanges right now?,"['incident_detection', 'incident_classification', 'traffic_anomaly', 'spatio_temporal']"
471,Is there any update on traffic situation around Toa Payoh and show a quick chart.,"['spatio_temporal', 'visualization']"
472,Show me what caused the jam in the northern sector just now?,"['causal_analysis', 'spatio_temporal', 'traffic_impact']"
473,I think something's off the speed drop around Woodlands checkpoint if possible.,['spatio_temporal']
474,Can you check incident severity near CTE Braddell but don't forecast anything yet.,"['incident_detection', 'incident_classification', 'spatio_temporal']"
475,Is there any update on if there's an incident downtown CBD for the last hour?,['incident_detection']
476,Looks like accident clusters at AYE westbound without the minor events.,['incident_detection']
477,"Hey, can you check recent breakdowns around Toa Payoh no visualisation needed.","['incident_detection', 'spatio_temporal', 'visualization']"
478,Quick check: travel time delays near Changi just now?,"['spatio_temporal', 'traffic_impact']"
479,Need info on accident clusters at expressway interchanges,['incident_detection']
480,Need info on forecast for the next hour around Toa Payoh but don't forecast anything yet.,['spatio_temporal']
481,I'm seeing unusual readings near why traffic is slowing down near CTE Braddell no visualisation needed.,"['causal_analysis', 'traffic_anomaly', 'spatio_temporal', 'visualization']"
482,Help me understand the speed drop near Sengkang without the minor events.,['spatio_temporal']
483,Can you check the impact level at expressway interchanges and compare with yesterday.,['traffic_impact']
484,Is there any update on forecast for the next hour at expressway interchanges right now?,['traffic_forecasting']
485,Pls show if there's an incident in the northern sector right now?,"['incident_detection', 'spatio_temporal']"
486,Double check the speed drop near Sengkang no visualisation needed.,"['spatio_temporal', 'visualization']"
487,Quick check: recent breakdowns near CTE Braddell since morning?,"['incident_detection', 'spatio_temporal']"
488,Any idea why why traffic is slowing down along the PIE,['causal_analysis']
489,Need info on incident severity near Sengkang and compare with yesterday.,"['incident_detection', 'incident_classification', 'spatio_temporal']"
490,Quick check: the volume spike in the northern sector for the evening peak?,['spatio_temporal']
491,Can you check if there's an incident near Sengkang just now?,"['incident_detection', 'spatio_temporal']"
492,I suspect the impact level around Toa Payoh,"['spatio_temporal', 'traffic_impact']"
493,Please pull up the impact level around Toa Payoh today?,"['spatio_temporal', 'traffic_impact']"
494,Quick check: incident severity near Changi and check weather too.,"['incident_detection', 'incident_classification', 'spatio_temporal', 'meta_attributes']"
495,Help me understand what caused the jam around Toa Payoh no visualisation needed.,"['causal_analysis', 'spatio_temporal', 'traffic_impact', 'visualization']"
496,Double check what caused the jam near Sengkang and check weather too.,"['causal_analysis', 'spatio_temporal', 'traffic_impact', 'meta_attributes']"
497,Quick check: forecast for the next hour downtown CBD in simple terms pls.,['traffic_forecasting']
498,Can we confirm the spatio-temporal pattern near KPE tunnels excluding heavy traffic alerts.,['spatio_temporal']
499,Any idea why any anomalies near KPE tunnels,"['causal_analysis', 'traffic_anomaly', 'spatio_temporal']"
500,Looks like traffic situation downtown CBD for the evening peak?,[]
501,Double check post-incident recovery around Woodlands checkpoint if possible.,"['incident_detection', 'spatio_temporal']"
502,Quick check: why traffic is slowing down along the PIE without the minor events.,['causal_analysis']
503,Show me incident severity near Sengkang no visualisation needed.,"['incident_detection', 'incident_classification', 'spatio_temporal', 'visualization']"
504,I think something's off the congestion trend central region just now?,['traffic_impact']
505,Any idea why whether weather is affecting traffic downtown CBD,"['causal_analysis', 'meta_attributes']"
506,Do we know recent breakdowns at expressway interchanges and check weather too.,"['incident_detection', 'meta_attributes']"
507,Need info on the speed drop around Woodlands checkpoint since morning?,['spatio_temporal']
508,Any idea why recent breakdowns around Jurong East if possible.,"['causal_analysis', 'incident_detection', 'spatio_temporal']"
509,Is there any update on the volume spike along the PIE for the evening peak?,[]
510,Pls show the spatio-temporal pattern in the northern sector for the evening peak?,['spatio_temporal']
511,Someone reported whether it's due to roadwork near Sengkang in simple terms pls.,['spatio_temporal']
512,I think something's off if sensors are behaving weird at expressway interchanges if possible.,['traffic_anomaly']
513,Is there any update on forecast for the next hour around Marina Bay right now?,"['traffic_forecasting', 'spatio_temporal']"
514,Pls show the volume spike at AYE westbound for the last hour?,[]
515,"Hey, can you check what caused the jam at expressway interchanges but don't forecast anything yet.","['causal_analysis', 'traffic_impact']"
516,Looks like roadwork impact along the PIE without the minor events.,['traffic_impact']
517,I think something's off the congestion trend around Marina Bay just now?,"['spatio_temporal', 'traffic_impact']"
518,Is there any update on travel time delays around Marina Bay since morning?,"['spatio_temporal', 'traffic_impact']"
519,Need info on the volume spike central region just now?,[]
520,Show me what caused the jam along the PIE and show a quick chart.,"['causal_analysis', 'traffic_impact', 'visualization']"
521,Help me understand the volume spike at expressway interchanges for the last hour?,[]
522,Any idea why the speed drop along Thomson Road if possible.,['causal_analysis']
523,Please pull up recent breakdowns near Changi if possible.,"['incident_detection', 'spatio_temporal']"
524,Could you find out why traffic is slowing down at expressway interchanges no visualisation needed.,"['causal_analysis', 'visualization']"
525,Pls show traffic situation at expressway interchanges since morning?,[]
526,Could you find out recent breakdowns around Jurong East today?,"['incident_detection', 'spatio_temporal']"
527,Any idea why the congestion trend near Changi excluding heavy traffic alerts.,"['causal_analysis', 'spatio_temporal', 'traffic_impact']"
528,Any idea why roadwork impact in the northern sector since morning?,"['causal_analysis', 'spatio_temporal', 'traffic_impact']"
529,Pls show the speed drop around Marina Bay without the minor events.,['spatio_temporal']
530,I suspect the spatio-temporal pattern along Thomson Road since morning?,['spatio_temporal']
531,Do we know post-incident recovery at AYE westbound,['incident_detection']
532,Not sure but looks like the impact level downtown CBD,['traffic_impact']
533,I'm seeing unusual readings near if sensors are behaving weird right now?,"['traffic_anomaly', 'spatio_temporal']"
534,Help me understand any anomalies around Punggol excluding heavy traffic alerts.,"['traffic_anomaly', 'spatio_temporal']"
535,Please pull up roadwork impact around Woodlands checkpoint for the evening peak?,"['spatio_temporal', 'traffic_impact']"
536,Do we know the spatio-temporal pattern around Jurong East but don't forecast anything yet.,['spatio_temporal']
537,Can we confirm what caused the jam central region and check weather too.,"['causal_analysis', 'traffic_impact', 'meta_attributes']"
538,Please pull up if there's an incident near Sengkang since morning?,"['incident_detection', 'spatio_temporal']"
539,I suspect whether it's due to roadwork at expressway interchanges without the minor events.,[]
540,Double check the impact level right now?,['traffic_impact']
541,Pls show today’s accidents around Punggol,"['incident_detection', 'spatio_temporal']"
542,Looks like post-incident recovery and show a quick chart.,"['incident_detection', 'visualization']"
543,Need info on incident severity around Marina Bay in simple terms pls.,"['incident_detection', 'incident_classification', 'spatio_temporal']"
544,Can we confirm the spatio-temporal pattern near Changi and compare with yesterday.,['spatio_temporal']
545,Is there any update on any anomalies around Woodlands checkpoint if possible.,"['traffic_anomaly', 'spatio_temporal']"
546,I think something's off today’s accidents at expressway interchanges,['incident_detection']
547,Double check whether it's due to roadwork near Changi if possible.,['spatio_temporal']
548,Looks like the spatio-temporal pattern at AYE westbound today?,['spatio_temporal']
549,Not sure but looks like what caused the jam near CTE Braddell and check weather too.,"['causal_analysis', 'spatio_temporal', 'traffic_impact', 'meta_attributes']"
550,I think something's off incident severity in the northern sector for the last hour?,"['incident_detection', 'incident_classification', 'spatio_temporal']"
551,Do we know accident clusters near Sengkang excluding heavy traffic alerts.,"['incident_detection', 'spatio_temporal']"
552,Show me whether weather is affecting traffic central region just now?,['meta_attributes']
553,Not sure but looks like whether it's due to roadwork along Thomson Road but don't forecast anything yet.,[]
554,Can you check if sensors are behaving weird around Punggol and compare with yesterday.,"['traffic_anomaly', 'spatio_temporal']"
555,"Hey, can you check the speed drop in the northern sector",['spatio_temporal']
556,Please pull up why traffic is slowing down near Changi,"['causal_analysis', 'spatio_temporal']"
557,Can you check post-incident recovery around Punggol since morning?,"['incident_detection', 'spatio_temporal']"
558,I think something's off traffic situation around Marina Bay in simple terms pls.,['spatio_temporal']
559,Show me if there's an incident at AYE westbound if possible.,['incident_detection']
560,I think something's off whether weather is affecting traffic around Marina Bay but don't forecast anything yet.,"['spatio_temporal', 'meta_attributes']"
561,Is there any update on travel time delays near CTE Braddell no visualisation needed.,"['spatio_temporal', 'traffic_impact', 'visualization']"
562,Pls show whether weather is affecting traffic in the northern sector,"['spatio_temporal', 'meta_attributes']"
563,Can we confirm recent breakdowns along the PIE and check weather too.,"['incident_detection', 'meta_attributes']"
564,"Hey, can you check the volume spike in the northern sector no visualisation needed.","['spatio_temporal', 'visualization']"
565,Double check whether weather is affecting traffic at expressway interchanges right now?,['meta_attributes']
566,I'm seeing unusual readings near why traffic is slowing down downtown CBD no visualisation needed.,"['causal_analysis', 'traffic_anomaly', 'spatio_temporal', 'visualization']"
567,Help me understand why traffic is slowing down excluding heavy traffic alerts.,['causal_analysis']
568,Could you find out whether it's due to roadwork,[]
569,Not sure but looks like if sensors are behaving weird around Woodlands checkpoint no visualisation needed.,"['traffic_anomaly', 'spatio_temporal', 'visualization']"
570,"Hey, can you check recent breakdowns around Toa Payoh","['incident_detection', 'spatio_temporal']"
571,Can you check travel time delays near CTE Braddell and show a quick chart.,"['spatio_temporal', 'traffic_impact', 'visualization']"
572,Is there any update on incident severity in the northern sector right now?,"['incident_detection', 'incident_classification', 'spatio_temporal']"
573,Can we confirm today’s accidents downtown CBD,['incident_detection']
574,Not sure but looks like forecast for the next hour at AYE westbound today?,['traffic_forecasting']
575,Quick check: forecast for the next hour around Punggol since morning?,"['traffic_forecasting', 'spatio_temporal']"
576,Is there any update on what caused the jam along the PIE but don't forecast anything yet.,"['causal_analysis', 'traffic_impact']"
577,I think something's off recent breakdowns near KPE tunnels for the evening peak?,"['incident_detection', 'spatio_temporal']"
578,Show me roadwork impact along Thomson Road but don't forecast anything yet.,['traffic_impact']
579,I suspect whether it's due to roadwork around Punggol and compare with yesterday.,['spatio_temporal']
580,Do we know accident clusters around Toa Payoh but don't forecast anything yet.,"['incident_detection', 'spatio_temporal']"
581,Can you check what caused the jam around Marina Bay excluding heavy traffic alerts.,"['causal_analysis', 'spatio_temporal', 'traffic_impact']"
582,Show me traffic situation around Woodlands checkpoint and compare with yesterday.,['spatio_temporal']
583,Can you check whether weather is affecting traffic near Sengkang since morning?,"['spatio_temporal', 'meta_attributes']"
584,"Hey, can you check if there's an incident in the northern sector for the evening peak?","['incident_detection', 'spatio_temporal']"
585,Any idea why the impact level around Woodlands checkpoint if possible.,"['causal_analysis', 'spatio_temporal', 'traffic_impact']"
586,Pls show traffic situation at AYE westbound and compare with yesterday.,[]
587,Do we know if there's an incident central region if possible.,['incident_detection']
588,I think something's off roadwork impact near Changi for the last hour?,"['spatio_temporal', 'traffic_impact']"
589,Please pull up the impact level around Marina Bay if possible.,"['spatio_temporal', 'traffic_impact']"
590,I suspect the speed drop at AYE westbound today?,[]
591,I'm seeing unusual readings near why traffic is slowing down at expressway interchanges but don't forecast anything yet.,"['causal_analysis', 'traffic_anomaly', 'spatio_temporal']"
592,Looks like whether weather is affecting traffic along the PIE since morning?,['meta_attributes']
593,Could you find out forecast for the next hour around Woodlands checkpoint just now?,"['traffic_forecasting', 'spatio_temporal']"
594,Pls show the impact level downtown CBD just now?,['traffic_impact']
595,I think something's off the impact level around Marina Bay excluding heavy traffic alerts.,"['spatio_temporal', 'traffic_impact']"
596,I think something's off recent breakdowns at AYE westbound no visualisation needed.,"['incident_detection', 'visualization']"
597,Could you find out recent breakdowns around Marina Bay without the minor events.,"['incident_detection', 'spatio_temporal']"
598,Not sure but looks like post-incident recovery near Changi but don't forecast anything yet.,"['incident_detection', 'spatio_temporal']"
599,I'm seeing unusual readings near whether weather is affecting traffic near KPE tunnels and compare with yesterday.,"['traffic_anomaly', 'spatio_temporal', 'meta_attributes']"
600,"Hey, can you check travel time delays central region since morning?",['traffic_impact']
601,I think something's off the congestion trend around Punggol just now?,"['spatio_temporal', 'traffic_impact']"
602,Is there any update on accident clusters downtown CBD and check weather too.,"['incident_detection', 'meta_attributes']"
603,Can you check roadwork impact around Marina Bay since morning?,"['spatio_temporal', 'traffic_impact']"
604,Looks like the speed drop at expressway interchanges for the last hour?,[]
605,Show me recent breakdowns near Changi right now?,"['incident_detection', 'spatio_temporal']"
606,Pls show why traffic is slowing down around Marina Bay if possible.,"['causal_analysis', 'spatio_temporal']"
607,"Hey, can you check traffic situation downtown CBD since morning?",[]
608,Do we know any anomalies near Changi for the last hour?,"['traffic_anomaly', 'spatio_temporal']"
609,Double check post-incident recovery along the PIE in simple terms pls.,['incident_detection']
610,Is there any update on what caused the jam around Jurong East,"['causal_analysis', 'spatio_temporal', 'traffic_impact']"
611,Could you find out the speed drop in the northern sector for the last hour?,['spatio_temporal']
612,I suspect roadwork impact at expressway interchanges,['traffic_impact']
613,Need info on the spatio-temporal pattern around Woodlands checkpoint if possible.,['spatio_temporal']
614,Quick check: forecast for the next hour downtown CBD right now?,['traffic_forecasting']
615,Someone reported any anomalies but don't forecast anything yet.,['traffic_anomaly']
616,Show me accident clusters along the PIE and check weather too.,"['incident_detection', 'meta_attributes']"
617,"Hey, can you check why traffic is slowing down near CTE Braddell no visualisation needed.","['causal_analysis', 'spatio_temporal', 'visualization']"
618,Can we confirm why traffic is slowing down near Changi and show a quick chart.,"['causal_analysis', 'spatio_temporal', 'visualization']"
619,Pls show traffic situation in the northern sector if possible.,['spatio_temporal']
620,Not sure but looks like if sensors are behaving weird around Punggol,"['traffic_anomaly', 'spatio_temporal']"
621,Double check roadwork impact around Jurong East,"['spatio_temporal', 'traffic_impact']"
622,Looks like whether it's due to roadwork around Toa Payoh and check weather too.,"['spatio_temporal', 'meta_attributes']"
623,Not sure but looks like today’s accidents around Toa Payoh and show a quick chart.,"['incident_detection', 'spatio_temporal', 'visualization']"
624,Help me understand post-incident recovery at AYE westbound right now?,['incident_detection']
625,Pls show forecast for the next hour around Marina Bay no visualisation needed.,"['traffic_forecasting', 'spatio_temporal', 'visualization']"
626,Show me recent breakdowns at AYE westbound no visualisation needed.,"['incident_detection', 'visualization']"
627,Could you find out accident clusters near Changi,"['incident_detection', 'spatio_temporal']"
628,Looks like the impact level near Sengkang just now?,"['spatio_temporal', 'traffic_impact']"
629,"Hey, can you check traffic situation around Toa Payoh for the last hour?",['spatio_temporal']
630,I'm seeing unusual readings near the spatio-temporal pattern in the northern sector,"['traffic_anomaly', 'spatio_temporal']"
631,Is there any update on roadwork impact at AYE westbound for the evening peak?,['traffic_impact']
632,Help me understand the congestion trend around Jurong East for the last hour?,"['spatio_temporal', 'traffic_impact']"
633,I suspect forecast for the next hour along the PIE and compare with yesterday.,['traffic_forecasting']
634,Need info on whether weather is affecting traffic around Woodlands checkpoint,"['spatio_temporal', 'meta_attributes']"
635,Show me today’s accidents around Woodlands checkpoint,"['incident_detection', 'spatio_temporal']"
636,I think something's off whether weather is affecting traffic around Jurong East,"['spatio_temporal', 'meta_attributes']"
637,Can we confirm today’s accidents central region and check weather too.,"['incident_detection', 'meta_attributes']"
638,Any idea why roadwork impact at expressway interchanges just now?,"['causal_analysis', 'traffic_impact']"
639,I'm seeing unusual readings near travel time delays near Changi and show a quick chart.,"['traffic_anomaly', 'spatio_temporal', 'traffic_impact', 'visualization']"
640,"Hey, can you check forecast for the next hour near Changi if possible.","['traffic_forecasting', 'spatio_temporal']"
641,Help me understand incident severity near KPE tunnels right now?,"['incident_detection', 'incident_classification', 'spatio_temporal']"
642,Help me understand the impact level around Jurong East without the minor events.,"['spatio_temporal', 'traffic_impact']"
643,"Hey, can you check the volume spike around Marina Bay in simple terms pls.",['spatio_temporal']
644,Any idea why incident severity around Marina Bay no visualisation needed.,"['causal_analysis', 'incident_detection', 'incident_classification', 'spatio_temporal', 'visualization']"
645,Any idea why travel time delays around Toa Payoh excluding heavy traffic alerts.,"['causal_analysis', 'spatio_temporal', 'traffic_impact']"
646,Looks like if there's an incident at AYE westbound,['incident_detection']
647,I think something's off incident severity along the PIE since morning?,"['incident_detection', 'incident_classification']"
648,Pls show incident severity along the PIE without the minor events.,"['incident_detection', 'incident_classification']"
649,Need info on any anomalies around Marina Bay,"['traffic_anomaly', 'spatio_temporal']"
650,Looks like the speed drop if possible.,[]
651,I think something's off whether weather is affecting traffic near Sengkang and compare with yesterday.,"['spatio_temporal', 'meta_attributes']"
652,Any idea why the impact level around Woodlands checkpoint for the last hour?,"['causal_analysis', 'spatio_temporal', 'traffic_impact']"
653,Can we confirm if there's an incident near CTE Braddell for the last hour?,"['incident_detection', 'spatio_temporal']"
654,Pls show the spatio-temporal pattern along the PIE and compare with yesterday.,['spatio_temporal']
655,Can we confirm whether weather is affecting traffic along Thomson Road and check weather too.,['meta_attributes']
656,Help me understand forecast for the next hour near Sengkang without the minor events.,"['traffic_forecasting', 'spatio_temporal']"
657,Do we know recent breakdowns near Sengkang but don't forecast anything yet.,"['incident_detection', 'spatio_temporal']"
658,Any idea why incident severity in the northern sector in simple terms pls.,"['causal_analysis', 'incident_detection', 'incident_classification', 'spatio_temporal']"
659,I'm seeing unusual readings near accident clusters at AYE westbound,"['incident_detection', 'traffic_anomaly', 'spatio_temporal']"
660,Could you find out the volume spike downtown CBD right now?,[]
661,I'm seeing unusual readings near recent breakdowns around Woodlands checkpoint right now?,"['incident_detection', 'traffic_anomaly', 'spatio_temporal']"
662,Looks like if there's an incident if possible.,['incident_detection']
663,"Hey, can you check today’s accidents near Changi without the minor events.","['incident_detection', 'spatio_temporal']"
664,Is there any update on if there's an incident along the PIE and compare with yesterday.,['incident_detection']
665,Need info on post-incident recovery in the northern sector for the evening peak?,"['incident_detection', 'spatio_temporal']"
666,Pls show today’s accidents around Toa Payoh,"['incident_detection', 'spatio_temporal']"
667,Any idea why if there's an incident downtown CBD,"['causal_analysis', 'incident_detection']"
668,Not sure but looks like if sensors are behaving weird at expressway interchanges for the last hour?,['traffic_anomaly']
669,Show me post-incident recovery at AYE westbound since morning?,['incident_detection']
670,Show me the impact level near Changi but don't forecast anything yet.,"['spatio_temporal', 'traffic_impact']"
671,Can you check if there's an incident at AYE westbound since morning?,['incident_detection']
672,Double check post-incident recovery around Punggol just now?,"['incident_detection', 'spatio_temporal']"
673,Can we confirm what caused the jam around Punggol and compare with yesterday.,"['causal_analysis', 'spatio_temporal', 'traffic_impact']"
674,Need info on the volume spike near Changi and check weather too.,"['spatio_temporal', 'meta_attributes']"
675,Can you check recent breakdowns at expressway interchanges for the evening peak?,['incident_detection']
676,Help me understand the congestion trend around Marina Bay and compare with yesterday.,"['spatio_temporal', 'traffic_impact']"
677,Pls show the impact level around Jurong East today?,"['spatio_temporal', 'traffic_impact']"
678,I'm seeing unusual readings near the speed drop along Thomson Road for the evening peak?,"['traffic_anomaly', 'spatio_temporal']"
679,Any idea why the impact level around Jurong East but don't forecast anything yet.,"['causal_analysis', 'spatio_temporal', 'traffic_impact']"
680,Need info on today’s accidents around Marina Bay,"['incident_detection', 'spatio_temporal']"
681,Help me understand the congestion trend around Woodlands checkpoint but don't forecast anything yet.,"['spatio_temporal', 'traffic_impact']"
682,Can we confirm whether it's due to roadwork near Sengkang just now?,['spatio_temporal']
683,I think something's off accident clusters around Woodlands checkpoint if possible.,"['incident_detection', 'spatio_temporal']"
684,"Hey, can you check the congestion trend around Woodlands checkpoint but don't forecast anything yet.","['spatio_temporal', 'traffic_impact']"
685,Help me understand whether weather is affecting traffic around Punggol right now?,"['spatio_temporal', 'meta_attributes']"
686,Not sure but looks like post-incident recovery along the PIE for the last hour?,['incident_detection']
687,Show me roadwork impact near KPE tunnels no visualisation needed.,"['spatio_temporal', 'traffic_impact', 'visualization']"
688,I think something's off the impact level near CTE Braddell today?,"['spatio_temporal', 'traffic_impact']"
689,Double check accident clusters along Thomson Road excluding heavy traffic alerts.,['incident_detection']
690,Help me understand if sensors are behaving weird near Changi since morning?,"['traffic_anomaly', 'spatio_temporal']"
691,Please pull up accident clusters around Toa Payoh in simple terms pls.,"['incident_detection', 'spatio_temporal']"
692,Double check the congestion trend near KPE tunnels and compare with yesterday.,"['spatio_temporal', 'traffic_impact']"
693,I suspect if there's an incident at expressway interchanges,['incident_detection']
694,I think something's off the spatio-temporal pattern central region without the minor events.,['spatio_temporal']
695,Someone reported recent breakdowns around Toa Payoh and show a quick chart.,"['incident_detection', 'spatio_temporal', 'visualization']"
696,Help me understand if sensors are behaving weird around Toa Payoh but don't forecast anything yet.,"['traffic_anomaly', 'spatio_temporal']"
697,Not sure but looks like the congestion trend around Toa Payoh and show a quick chart.,"['spatio_temporal', 'traffic_impact', 'visualization']"
698,Do we know recent breakdowns central region and show a quick chart.,"['incident_detection', 'visualization']"
699,Could you find out what caused the jam near KPE tunnels excluding heavy traffic alerts.,"['causal_analysis', 'spatio_temporal', 'traffic_impact']"
700,Help me understand today’s accidents and show a quick chart.,"['incident_detection', 'visualization']"
701,Can we confirm traffic situation at expressway interchanges and show a quick chart.,['visualization']
702,Can we confirm the congestion trend no visualisation needed.,"['traffic_impact', 'visualization']"
703,I think something's off if there's an incident near Sengkang,"['incident_detection', 'spatio_temporal']"
704,Double check the volume spike around Woodlands checkpoint just now?,['spatio_temporal']
705,Looks like whether it's due to roadwork near Changi right now?,['spatio_temporal']
706,"Hey, can you check the spatio-temporal pattern around Woodlands checkpoint and show a quick chart.","['spatio_temporal', 'visualization']"
707,Can we confirm what caused the jam near KPE tunnels in simple terms pls.,"['causal_analysis', 'spatio_temporal', 'traffic_impact']"
708,Is there any update on incident severity around Toa Payoh no visualisation needed.,"['incident_detection', 'incident_classification', 'spatio_temporal', 'visualization']"
709,"Hey, can you check if sensors are behaving weird along the PIE since morning?",['traffic_anomaly']
710,Double check traffic situation around Woodlands checkpoint for the evening peak?,['spatio_temporal']
711,Do we know the congestion trend around Toa Payoh,"['spatio_temporal', 'traffic_impact']"
712,Can you check the impact level central region if possible.,['traffic_impact']
713,Show me the congestion trend near Sengkang without the minor events.,"['spatio_temporal', 'traffic_impact']"
714,Please pull up the speed drop near Sengkang for the evening peak?,['spatio_temporal']
715,Help me understand today’s accidents near CTE Braddell but don't forecast anything yet.,"['incident_detection', 'spatio_temporal']"
716,Do we know recent breakdowns downtown CBD no visualisation needed.,"['incident_detection', 'visualization']"
717,Is there any update on today’s accidents near Sengkang if possible.,"['incident_detection', 'spatio_temporal']"
718,Do we know whether weather is affecting traffic near KPE tunnels and check weather too.,"['spatio_temporal', 'meta_attributes']"
719,Need info on the congestion trend in the northern sector right now?,"['spatio_temporal', 'traffic_impact']"
720,Can we confirm the congestion trend around Woodlands checkpoint and compare with yesterday.,"['spatio_temporal', 'traffic_impact']"
721,Is there any update on travel time delays near CTE Braddell for the last hour?,"['spatio_temporal', 'traffic_impact']"
722,"Hey, can you check whether it's due to roadwork along Thomson Road today?",[]
723,Do we know traffic situation along the PIE and show a quick chart.,['visualization']
724,Not sure but looks like forecast for the next hour at AYE westbound right now?,['traffic_forecasting']
725,Show me whether weather is affecting traffic around Toa Payoh just now?,"['spatio_temporal', 'meta_attributes']"
726,Show me if sensors are behaving weird around Punggol no visualisation needed.,"['traffic_anomaly', 'spatio_temporal', 'visualization']"
727,Is there any update on accident clusters near Sengkang just now?,"['incident_detection', 'spatio_temporal']"
728,Do we know traffic situation near KPE tunnels in simple terms pls.,['spatio_temporal']
729,Please pull up traffic situation at expressway interchanges but don't forecast anything yet.,[]
730,Not sure but looks like the congestion trend in the northern sector for the last hour?,"['spatio_temporal', 'traffic_impact']"
731,Quick check: the volume spike around Jurong East since morning?,['spatio_temporal']
732,Can we confirm if there's an incident around Toa Payoh just now?,"['incident_detection', 'spatio_temporal']"
733,Can we confirm roadwork impact around Woodlands checkpoint and check weather too.,"['spatio_temporal', 'traffic_impact', 'meta_attributes']"
734,Show me the impact level central region and show a quick chart.,"['traffic_impact', 'visualization']"
735,Can you check what caused the jam around Toa Payoh for the evening peak?,"['causal_analysis', 'spatio_temporal', 'traffic_impact']"
736,I'm seeing unusual readings near traffic situation near CTE Braddell and check weather too.,"['traffic_anomaly', 'spatio_temporal', 'meta_attributes']"
737,I think something's off today’s accidents central region in simple terms pls.,['incident_detection']
738,Need info on the volume spike around Toa Payoh excluding heavy traffic alerts.,['spatio_temporal']
739,Pls show why traffic is slowing down at AYE westbound no visualisation needed.,"['causal_analysis', 'visualization']"
740,Could you find out incident severity at AYE westbound but don't forecast anything yet.,"['incident_detection', 'incident_classification']"
741,Someone reported accident clusters near Changi if possible.,"['incident_detection', 'spatio_temporal']"
742,I suspect roadwork impact near CTE Braddell if possible.,"['spatio_temporal', 'traffic_impact']"
743,Looks like recent breakdowns near Changi just now?,"['incident_detection', 'spatio_temporal']"
744,Is there any update on recent breakdowns near Changi no visualisation needed.,"['incident_detection', 'spatio_temporal', 'visualization']"
745,Need info on accident clusters downtown CBD if possible.,['incident_detection']
746,Need info on if there's an incident central region but don't forecast anything yet.,['incident_detection']
747,I think something's off any anomalies near Changi since morning?,"['traffic_anomaly', 'spatio_temporal']"
748,Someone reported the volume spike near CTE Braddell if possible.,['spatio_temporal']
749,Someone reported accident clusters around Punggol without the minor events.,"['incident_detection', 'spatio_temporal']"
750,I think something's off post-incident recovery around Marina Bay without the minor events.,"['incident_detection', 'spatio_temporal']"
751,Pls show travel time delays near CTE Braddell today?,"['spatio_temporal', 'traffic_impact']"
752,Help me understand whether it's due to roadwork along the PIE right now?,[]
753,Please pull up the impact level near CTE Braddell just now?,"['spatio_temporal', 'traffic_impact']"
754,Double check whether weather is affecting traffic along Thomson Road excluding heavy traffic alerts.,['meta_attributes']
755,Show me the congestion trend today?,['traffic_impact']
756,Could you find out why traffic is slowing down near Sengkang in simple terms pls.,"['causal_analysis', 'spatio_temporal']"
757,Looks like the congestion trend around Toa Payoh just now?,"['spatio_temporal', 'traffic_impact']"
758,"Hey, can you check recent breakdowns around Toa Payoh just now?","['incident_detection', 'spatio_temporal']"
759,I'm seeing unusual readings near why traffic is slowing down near CTE Braddell no visualisation needed.,"['causal_analysis', 'traffic_anomaly', 'spatio_temporal', 'visualization']"
760,Need info on what caused the jam central region and compare with yesterday.,"['causal_analysis', 'traffic_impact']"
761,I'm seeing unusual readings near if there's an incident near Sengkang for the last hour?,"['incident_detection', 'traffic_anomaly', 'spatio_temporal']"
762,Need info on post-incident recovery along Thomson Road for the evening peak?,['incident_detection']
763,Not sure but looks like if there's an incident along the PIE today?,['incident_detection']
764,Show me the impact level around Punggol for the evening peak?,"['spatio_temporal', 'traffic_impact']"
765,Could you find out whether weather is affecting traffic near KPE tunnels,"['spatio_temporal', 'meta_attributes']"
766,"Hey, can you check what caused the jam near CTE Braddell just now?","['causal_analysis', 'spatio_temporal', 'traffic_impact']"
767,Double check what caused the jam near Changi today?,"['causal_analysis', 'spatio_temporal', 'traffic_impact']"
768,Quick check: forecast for the next hour in the northern sector and compare with yesterday.,"['traffic_forecasting', 'spatio_temporal']"
769,Double check roadwork impact downtown CBD excluding heavy traffic alerts.,['traffic_impact']
770,Looks like whether it's due to roadwork near KPE tunnels for the last hour?,['spatio_temporal']
771,Show me travel time delays near Changi and compare with yesterday.,"['spatio_temporal', 'traffic_impact']"
772,Could you find out whether weather is affecting traffic along Thomson Road right now?,['meta_attributes']
773,Looks like if sensors are behaving weird around Woodlands checkpoint just now?,"['traffic_anomaly', 'spatio_temporal']"
774,Any idea why traffic situation near CTE Braddell no visualisation needed.,"['causal_analysis', 'spatio_temporal', 'visualization']"
775,Please pull up accident clusters along the PIE in simple terms pls.,['incident_detection']
776,Please pull up if sensors are behaving weird for the last hour?,['traffic_anomaly']
777,Looks like if there's an incident near Changi for the evening peak?,"['incident_detection', 'spatio_temporal']"
778,Show me why traffic is slowing down in the northern sector and compare with yesterday.,"['causal_analysis', 'spatio_temporal']"
779,Do we know the congestion trend along the PIE,['traffic_impact']
780,I think something's off the congestion trend central region,['traffic_impact']
781,Need info on the volume spike around Marina Bay if possible.,['spatio_temporal']
782,Looks like accident clusters at AYE westbound and check weather too.,"['incident_detection', 'meta_attributes']"
783,Is there any update on the volume spike,[]
784,Pls show forecast for the next hour along Thomson Road since morning?,['traffic_forecasting']
785,Looks like the speed drop near Changi right now?,['spatio_temporal']
786,"Hey, can you check any anomalies near Changi just now?","['traffic_anomaly', 'spatio_temporal']"
787,Do we know travel time delays around Jurong East without the minor events.,"['spatio_temporal', 'traffic_impact']"
788,Can you check recent breakdowns along Thomson Road just now?,['incident_detection']
789,Can we confirm post-incident recovery in the northern sector today?,"['incident_detection', 'spatio_temporal']"
790,Show me if sensors are behaving weird around Jurong East for the last hour?,"['traffic_anomaly', 'spatio_temporal']"
791,Help me understand the impact level near Sengkang without the minor events.,"['spatio_temporal', 'traffic_impact']"
792,Show me if there's an incident around Punggol for the evening peak?,"['incident_detection', 'spatio_temporal']"
793,Please pull up any anomalies at expressway interchanges right now?,['traffic_anomaly']
794,Not sure but looks like if there's an incident near CTE Braddell for the last hour?,"['incident_detection', 'spatio_temporal']"
795,Quick check: roadwork impact near Changi in simple terms pls.,"['spatio_temporal', 'traffic_impact']"
796,Pls show whether it's due to roadwork central region since morning?,[]
797,Can we confirm recent breakdowns around Woodlands checkpoint but don't forecast anything yet.,"['incident_detection', 'spatio_temporal']"
798,Could you find out the speed drop around Marina Bay since morning?,['spatio_temporal']
799,Someone reported the congestion trend at expressway interchanges excluding heavy traffic alerts.,['traffic_impact']
800,Not sure but looks like the volume spike near KPE tunnels,['spatio_temporal']
801,Can you check post-incident recovery central region since morning?,['incident_detection']
802,Please pull up incident severity near KPE tunnels,"['incident_detection', 'incident_classification', 'spatio_temporal']"
803,I'm seeing unusual readings near any anomalies around Toa Payoh for the last hour?,"['traffic_anomaly', 'spatio_temporal']"
804,"Hey, can you check the volume spike around Woodlands checkpoint and check weather too.","['spatio_temporal', 'meta_attributes']"
805,Any idea why traffic situation around Marina Bay for the last hour?,"['causal_analysis', 'spatio_temporal']"
806,Can you check the speed drop near KPE tunnels,['spatio_temporal']
807,Quick check: incident severity at AYE westbound for the evening peak?,"['incident_detection', 'incident_classification']"
808,Quick check: the speed drop downtown CBD for the evening peak?,[]
809,Quick check: today’s accidents along the PIE,['incident_detection']
810,Double check if sensors are behaving weird near Changi and compare with yesterday.,"['traffic_anomaly', 'spatio_temporal']"
811,I'm seeing unusual readings near if sensors are behaving weird around Woodlands checkpoint and compare with yesterday.,"['traffic_anomaly', 'spatio_temporal']"
812,Can we confirm what caused the jam at AYE westbound right now?,"['causal_analysis', 'traffic_impact']"
813,Someone reported the spatio-temporal pattern around Jurong East but don't forecast anything yet.,['spatio_temporal']
814,Pls show whether it's due to roadwork around Marina Bay,['spatio_temporal']
815,I'm seeing unusual readings near any anomalies near KPE tunnels for the evening peak?,"['traffic_anomaly', 'spatio_temporal']"
816,Show me today’s accidents central region for the last hour?,['incident_detection']
817,Double check if sensors are behaving weird near Sengkang right now?,"['traffic_anomaly', 'spatio_temporal']"
818,Show me the impact level today?,['traffic_impact']
819,Help me understand forecast for the next hour around Punggol since morning?,"['traffic_forecasting', 'spatio_temporal']"
820,Quick check: recent breakdowns near Sengkang,"['incident_detection', 'spatio_temporal']"
821,Could you find out the speed drop along the PIE no visualisation needed.,['visualization']
822,Double check whether it's due to roadwork at AYE westbound today?,[]
823,Looks like today’s accidents at AYE westbound without the minor events.,['incident_detection']
824,Need info on the speed drop along Thomson Road just now?,[]
825,Pls show the volume spike today?,[]
826,Quick check: if sensors are behaving weird downtown CBD and show a quick chart.,"['traffic_anomaly', 'visualization']"
827,Not sure but looks like what caused the jam around Woodlands checkpoint since morning?,"['causal_analysis', 'spatio_temporal', 'traffic_impact']"
828,Could you find out if there's an incident just now?,['incident_detection']
829,I'm seeing unusual readings near incident severity near KPE tunnels,"['incident_detection', 'incident_classification', 'traffic_anomaly', 'spatio_temporal']"
830,Quick check: roadwork impact along the PIE for the last hour?,['traffic_impact']
831,I suspect if sensors are behaving weird along Thomson Road but don't forecast anything yet.,['traffic_anomaly']
832,Pls show traffic situation around Marina Bay right now?,['spatio_temporal']
833,Someone reported travel time delays at expressway interchanges no visualisation needed.,"['traffic_impact', 'visualization']"
834,Show me accident clusters at expressway interchanges no visualisation needed.,"['incident_detection', 'visualization']"
835,Need info on incident severity in the northern sector in simple terms pls.,"['incident_detection', 'incident_classification', 'spatio_temporal']"
836,Please pull up the volume spike in the northern sector no visualisation needed.,"['spatio_temporal', 'visualization']"
837,"Hey, can you check whether it's due to roadwork at AYE westbound without the minor events.",[]
838,Double check today’s accidents along Thomson Road excluding heavy traffic alerts.,['incident_detection']
839,I suspect accident clusters near CTE Braddell,"['incident_detection', 'spatio_temporal']"
840,Someone reported accident clusters near CTE Braddell excluding heavy traffic alerts.,"['incident_detection', 'spatio_temporal']"
841,Please pull up post-incident recovery around Toa Payoh since morning?,"['incident_detection', 'spatio_temporal']"
842,I think something's off the congestion trend around Punggol,"['spatio_temporal', 'traffic_impact']"
843,I think something's off the speed drop around Punggol if possible.,['spatio_temporal']
844,Please pull up recent breakdowns central region,['incident_detection']
845,Could you find out if sensors are behaving weird near CTE Braddell right now?,"['traffic_anomaly', 'spatio_temporal']"
846,I think something's off if sensors are behaving weird around Marina Bay but don't forecast anything yet.,"['traffic_anomaly', 'spatio_temporal']"
847,Is there any update on today’s accidents near Sengkang,"['incident_detection', 'spatio_temporal']"
848,I think something's off incident severity around Toa Payoh for the last hour?,"['incident_detection', 'incident_classification', 'spatio_temporal']"
849,Is there any update on traffic situation and show a quick chart.,['visualization']
850,Can we confirm post-incident recovery near CTE Braddell,"['incident_detection', 'spatio_temporal']"
851,Do we know travel time delays at AYE westbound for the last hour?,['traffic_impact']
852,Pls show the impact level around Jurong East just now?,"['spatio_temporal', 'traffic_impact']"
853,Show me the congestion trend along the PIE since morning?,['traffic_impact']
854,Someone reported if there's an incident near Changi for the last hour?,"['incident_detection', 'spatio_temporal']"
855,Help me understand the speed drop without the minor events.,[]
856,Someone reported whether it's due to roadwork near CTE Braddell and compare with yesterday.,['spatio_temporal']
857,Could you find out roadwork impact along the PIE if possible.,['traffic_impact']
858,Show me recent breakdowns at AYE westbound just now?,['incident_detection']
859,Can we confirm why traffic is slowing down near KPE tunnels no visualisation needed.,"['causal_analysis', 'spatio_temporal', 'visualization']"
860,Could you find out the impact level around Jurong East today?,"['spatio_temporal', 'traffic_impact']"
861,Quick check: the spatio-temporal pattern around Toa Payoh and compare with yesterday.,['spatio_temporal']
862,Pls show the spatio-temporal pattern just now?,['spatio_temporal']
863,Quick check: what caused the jam in the northern sector and show a quick chart.,"['causal_analysis', 'spatio_temporal', 'traffic_impact', 'visualization']"
864,Not sure but looks like incident severity at AYE westbound,"['incident_detection', 'incident_classification']"
865,Please pull up why traffic is slowing down around Jurong East but don't forecast anything yet.,"['causal_analysis', 'spatio_temporal']"
866,Pls show accident clusters at expressway interchanges for the evening peak?,['incident_detection']
867,Double check the speed drop around Marina Bay for the last hour?,['spatio_temporal']
868,Need info on forecast for the next hour near KPE tunnels just now?,"['traffic_forecasting', 'spatio_temporal']"
869,Could you find out post-incident recovery at AYE westbound and check weather too.,"['incident_detection', 'meta_attributes']"
870,Can we confirm whether it's due to roadwork near KPE tunnels today?,['spatio_temporal']
871,Please pull up whether it's due to roadwork around Toa Payoh for the evening peak?,['spatio_temporal']
872,Need info on the speed drop near CTE Braddell if possible.,['spatio_temporal']
873,Can you check the congestion trend at AYE westbound no visualisation needed.,"['traffic_impact', 'visualization']"
874,Can you check today’s accidents around Punggol just now?,"['incident_detection', 'spatio_temporal']"
875,Double check whether weather is affecting traffic downtown CBD,['meta_attributes']
876,I think something's off the spatio-temporal pattern around Punggol,['spatio_temporal']
877,Show me roadwork impact around Jurong East since morning?,"['spatio_temporal', 'traffic_impact']"
878,Do we know accident clusters around Punggol since morning?,"['incident_detection', 'spatio_temporal']"
879,Help me understand the congestion trend central region,['traffic_impact']
880,Can you check accident clusters around Jurong East if possible.,"['incident_detection', 'spatio_temporal']"
881,Is there any update on forecast for the next hour but don't forecast anything yet.,[]
882,Can you check travel time delays central region but don't forecast anything yet.,['traffic_impact']
883,Can we confirm today’s accidents around Toa Payoh right now?,"['incident_detection', 'spatio_temporal']"
884,I'm seeing unusual readings near the volume spike near Changi today?,"['traffic_anomaly', 'spatio_temporal']"
885,Please pull up the volume spike around Punggol,['spatio_temporal']
886,"Hey, can you check incident severity around Jurong East in simple terms pls.","['incident_detection', 'incident_classification', 'spatio_temporal']"
887,Please pull up the spatio-temporal pattern downtown CBD,['spatio_temporal']
888,Could you find out whether it's due to roadwork and compare with yesterday.,[]
889,Pls show any anomalies in the northern sector,"['traffic_anomaly', 'spatio_temporal']"
890,Double check why traffic is slowing down around Woodlands checkpoint for the last hour?,"['causal_analysis', 'spatio_temporal']"
891,Do we know the impact level near Changi and check weather too.,"['spatio_temporal', 'traffic_impact', 'meta_attributes']"
892,Pls show what caused the jam along the PIE right now?,"['causal_analysis', 'traffic_impact']"
893,I'm seeing unusual readings near the speed drop around Punggol in simple terms pls.,"['traffic_anomaly', 'spatio_temporal']"
894,Can we confirm the volume spike central region just now?,[]
895,I suspect the impact level near CTE Braddell and check weather too.,"['spatio_temporal', 'traffic_impact', 'meta_attributes']"
896,Help me understand today’s accidents around Woodlands checkpoint and show a quick chart.,"['incident_detection', 'spatio_temporal', 'visualization']"
897,Do we know recent breakdowns along the PIE,['incident_detection']
898,Help me understand if there's an incident along the PIE right now?,['incident_detection']
899,Is there any update on why traffic is slowing down at AYE westbound if possible.,['causal_analysis']
900,Pls show the spatio-temporal pattern downtown CBD for the last hour?,['spatio_temporal']
901,Double check any anomalies around Jurong East,"['traffic_anomaly', 'spatio_temporal']"
902,Any idea why today’s accidents along the PIE just now?,"['causal_analysis', 'incident_detection']"
903,Need info on what caused the jam at AYE westbound for the last hour?,"['causal_analysis', 'traffic_impact']"
904,Need info on traffic situation along Thomson Road since morning?,[]
905,Can you check what caused the jam along Thomson Road today?,"['causal_analysis', 'traffic_impact']"
906,Looks like if there's an incident at AYE westbound without the minor events.,['incident_detection']
907,Someone reported traffic situation at AYE westbound right now?,[]
908,Someone reported traffic situation near Changi in simple terms pls.,['spatio_temporal']
909,Any idea why the volume spike downtown CBD and compare with yesterday.,['causal_analysis']
910,I think something's off if sensors are behaving weird near Sengkang since morning?,"['traffic_anomaly', 'spatio_temporal']"
911,Show me the impact level around Jurong East right now?,"['spatio_temporal', 'traffic_impact']"
912,Please pull up any anomalies near CTE Braddell without the minor events.,"['traffic_anomaly', 'spatio_temporal']"
913,Can you check incident severity around Punggol just now?,"['incident_detection', 'incident_classification', 'spatio_temporal']"
914,Do we know if sensors are behaving weird along Thomson Road,['traffic_anomaly']
915,Please pull up the volume spike around Jurong East for the last hour?,['spatio_temporal']
916,Quick check: if there's an incident central region but don't forecast anything yet.,['incident_detection']
917,Can we confirm if there's an incident around Woodlands checkpoint and compare with yesterday.,"['incident_detection', 'spatio_temporal']"
918,Could you find out traffic situation around Marina Bay just now?,['spatio_temporal']
919,I'm seeing unusual readings near recent breakdowns around Jurong East and check weather too.,"['incident_detection', 'traffic_anomaly', 'spatio_temporal', 'meta_attributes']"
920,I think something's off traffic situation near KPE tunnels and compare with yesterday.,['spatio_temporal']
921,Please pull up incident severity in the northern sector if possible.,"['incident_detection', 'incident_classification', 'spatio_temporal']"
922,I think something's off the speed drop near CTE Braddell for the evening peak?,['spatio_temporal']
923,Help me understand accident clusters and check weather too.,"['incident_detection', 'meta_attributes']"
924,Pls show roadwork impact around Punggol right now?,"['spatio_temporal', 'traffic_impact']"
925,Show me the volume spike around Punggol no visualisation needed.,"['spatio_temporal', 'visualization']"
926,I think something's off what caused the jam if possible.,"['causal_analysis', 'traffic_impact']"
927,Someone reported post-incident recovery along Thomson Road for the last hour?,['incident_detection']
928,Show me post-incident recovery central region for the last hour?,['incident_detection']
929,Is there any update on recent breakdowns around Toa Payoh and compare with yesterday.,"['incident_detection', 'spatio_temporal']"
930,I'm seeing unusual readings near travel time delays along the PIE for the last hour?,"['traffic_anomaly', 'spatio_temporal', 'traffic_impact']"
931,I'm seeing unusual readings near the impact level around Marina Bay and compare with yesterday.,"['traffic_anomaly', 'spatio_temporal', 'traffic_impact']"
932,"Hey, can you check whether it's due to roadwork along the PIE and show a quick chart.",['visualization']
933,I'm seeing unusual readings near recent breakdowns at AYE westbound no visualisation needed.,"['incident_detection', 'traffic_anomaly', 'spatio_temporal', 'visualization']"
934,Need info on whether weather is affecting traffic at expressway interchanges right now?,['meta_attributes']
935,Not sure but looks like travel time delays in the northern sector today?,"['spatio_temporal', 'traffic_impact']"
936,Do we know the spatio-temporal pattern along Thomson Road and check weather too.,"['spatio_temporal', 'meta_attributes']"
937,"Hey, can you check traffic situation around Marina Bay and compare with yesterday.",['spatio_temporal']
938,Need info on if there's an incident near Changi and show a quick chart.,"['incident_detection', 'spatio_temporal', 'visualization']"
939,Double check the speed drop around Jurong East and compare with yesterday.,['spatio_temporal']
940,Show me if there's an incident at AYE westbound without the minor events.,['incident_detection']
941,I think something's off the speed drop downtown CBD without the minor events.,[]
942,Looks like travel time delays around Woodlands checkpoint and show a quick chart.,"['spatio_temporal', 'traffic_impact', 'visualization']"
943,Pls show the impact level along Thomson Road in simple terms pls.,['traffic_impact']
944,Quick check: the spatio-temporal pattern around Marina Bay and compare with yesterday.,['spatio_temporal']
945,Can we confirm post-incident recovery central region,['incident_detection']
946,I think something's off today’s accidents around Jurong East just now?,"['incident_detection', 'spatio_temporal']"
947,Can you check recent breakdowns at AYE westbound just now?,['incident_detection']
948,Do we know if there's an incident around Toa Payoh without the minor events.,"['incident_detection', 'spatio_temporal']"
949,Any idea why travel time delays around Marina Bay and compare with yesterday.,"['causal_analysis', 'spatio_temporal', 'traffic_impact']"
950,Pls show incident severity near KPE tunnels and check weather too.,"['incident_detection', 'incident_classification', 'spatio_temporal', 'meta_attributes']"
951,Not sure but looks like the spatio-temporal pattern around Woodlands checkpoint,['spatio_temporal']
952,Please pull up the speed drop near Sengkang excluding heavy traffic alerts.,['spatio_temporal']
953,Could you find out the congestion trend near KPE tunnels,"['spatio_temporal', 'traffic_impact']"
954,Do we know if there's an incident and compare with yesterday.,['incident_detection']
955,Can you check the spatio-temporal pattern around Punggol without the minor events.,['spatio_temporal']
956,Any idea why post-incident recovery around Punggol and show a quick chart.,"['causal_analysis', 'incident_detection', 'spatio_temporal', 'visualization']"
957,Pls show why traffic is slowing down around Woodlands checkpoint if possible.,"['causal_analysis', 'spatio_temporal']"
958,Help me understand whether it's due to roadwork around Marina Bay and check weather too.,"['spatio_temporal', 'meta_attributes']"
959,Not sure but looks like incident severity downtown CBD,"['incident_detection', 'incident_classification']"
960,Can you check whether it's due to roadwork downtown CBD without the minor events.,[]
961,I suspect any anomalies at expressway interchanges but don't forecast anything yet.,['traffic_anomaly']
962,Quick check: recent breakdowns at expressway interchanges,['incident_detection']
963,Not sure but looks like incident severity downtown CBD just now?,"['incident_detection', 'incident_classification']"
964,Quick check: why traffic is slowing down around Marina Bay just now?,"['causal_analysis', 'spatio_temporal']"
965,Is there any update on whether it's due to roadwork along Thomson Road but don't forecast anything yet.,[]
966,Pls show today’s accidents along the PIE if possible.,['incident_detection']
967,"Hey, can you check travel time delays downtown CBD right now?",['traffic_impact']
968,Show me the congestion trend along the PIE since morning?,['traffic_impact']
969,I think something's off today’s accidents near Changi if possible.,"['incident_detection', 'spatio_temporal']"
970,Help me understand accident clusters around Toa Payoh and compare with yesterday.,"['incident_detection', 'spatio_temporal']"
971,Help me understand the impact level at expressway interchanges if possible.,['traffic_impact']
972,Need info on incident severity downtown CBD and check weather too.,"['incident_detection', 'incident_classification', 'meta_attributes']"
973,Can you check the impact level along the PIE,['traffic_impact']
974,Can you check the volume spike and check weather too.,['meta_attributes']
975,I suspect traffic situation around Woodlands checkpoint but don't forecast anything yet.,['spatio_temporal']
976,Looks like incident severity and show a quick chart.,"['incident_detection', 'incident_classification', 'visualization']"
977,Looks like post-incident recovery around Jurong East today?,"['incident_detection', 'spatio_temporal']"
978,Not sure but looks like the volume spike along the PIE in simple terms pls.,[]
979,Could you find out recent breakdowns at AYE westbound without the minor events.,['incident_detection']
980,Not sure but looks like whether weather is affecting traffic around Punggol,"['spatio_temporal', 'meta_attributes']"
981,Can you check the congestion trend near Sengkang if possible.,"['spatio_temporal', 'traffic_impact']"
982,Is there any update on whether weather is affecting traffic central region right now?,['meta_attributes']
983,Help me understand post-incident recovery around Punggol since morning?,"['incident_detection', 'spatio_temporal']"
984,Pls show if there's an incident at expressway interchanges and compare with yesterday.,['incident_detection']
985,Looks like the congestion trend in the northern sector without the minor events.,"['spatio_temporal', 'traffic_impact']"
986,Looks like incident severity at expressway interchanges,"['incident_detection', 'incident_classification']"
987,Please pull up the speed drop around Punggol,['spatio_temporal']
988,Could you find out accident clusters near CTE Braddell and show a quick chart.,"['incident_detection', 'spatio_temporal', 'visualization']"
989,Could you find out if there's an incident in the northern sector and compare with yesterday.,"['incident_detection', 'spatio_temporal']"
990,Looks like incident severity but don't forecast anything yet.,"['incident_detection', 'incident_classification']"
991,Looks like why traffic is slowing down at AYE westbound but don't forecast anything yet.,['causal_analysis']
992,Quick check: forecast for the next hour near CTE Braddell right now?,"['traffic_forecasting', 'spatio_temporal']"
993,Can you check forecast for the next hour near KPE tunnels no visualisation needed.,"['traffic_forecasting', 'spatio_temporal', 'visualization']"
994,I think something's off the volume spike along Thomson Road and compare with yesterday.,[]
995,Quick check: whether it's due to roadwork downtown CBD and show a quick chart.,['visualization']
996,Can we confirm any anomalies around Toa Payoh for the last hour?,"['traffic_anomaly', 'spatio_temporal']"
997,Could you find out the speed drop near Sengkang and compare with yesterday.,['spatio_temporal']
998,Is there any update on if sensors are behaving weird near KPE tunnels and compare with yesterday.,"['traffic_anomaly', 'spatio_temporal']"
999,Not sure but looks like travel time delays central region right now?,['traffic_impact']
1000,Could you find out the volume spike,[]
